source,region_id,offset,cutoff_year,max_publication_year,temporal_lock_pass
OpenAlex,crispr,5,2007,2007.0,True
OpenAlex,crispr,3,2009,2009.0,True
OpenAlex,crispr,1,2011,2011.0,True
OpenAlex,ips,5,2001,2001.0,True
OpenAlex,ips,3,2003,2003.0,True
OpenAlex,ips,1,2005,2005.0,True
OpenAlex,mrna,5,2015,2015.0,True
OpenAlex,mrna,3,2017,2017.0,True
OpenAlex,mrna,1,2019,2019.0,True
OpenAlex,alphafold2,5,2016,2016.0,True
OpenAlex,alphafold2,3,2018,2018.0,True
OpenAlex,alphafold2,1,2020,2020.0,True
OpenAlex,singlecell,5,2004,2004.0,True
OpenAlex,singlecell,3,2006,2006.0,True
OpenAlex,singlecell,1,2008,2008.0,True
OpenAlex,rnai,5,1993,1993.0,True
OpenAlex,rnai,3,1995,1995.0,True
OpenAlex,rnai,1,1997,1997.0,True
OpenAlex,graphene,5,1999,1999.0,True
OpenAlex,graphene,3,2001,2001.0,True
OpenAlex,graphene,1,2003,2003.0,True
OpenAlex,transformer,5,2012,2012.0,True
OpenAlex,transformer,3,2014,2014.0,True
OpenAlex,transformer,1,2016,2016.0,True
OpenAlex,resnet,5,2010,2010.0,True
OpenAlex,resnet,3,2012,2012.0,True
OpenAlex,resnet,1,2014,2014.0,True
OpenAlex,diffusion,5,2015,2015.0,True
OpenAlex,diffusion,3,2017,2017.0,True
OpenAlex,diffusion,1,2019,2019.0,True
OpenAlex,rag,5,2015,2015.0,True
OpenAlex,rag,3,2017,2017.0,True
OpenAlex,rag,1,2019,2019.0,True
OpenAlex,qec,5,1990,1988.0,True
OpenAlex,qec,3,1992,1992.0,True
OpenAlex,qec,1,1994,1992.0,True
OpenAlex,crispr_c1,5,2007,2007.0,True
OpenAlex,crispr_c1,3,2009,2009.0,True
OpenAlex,crispr_c1,1,2011,2011.0,True
OpenAlex,crispr_c2,5,2007,2007.0,True
OpenAlex,crispr_c2,3,2009,2009.0,True
OpenAlex,crispr_c2,1,2011,2011.0,True
OpenAlex,ips_c1,5,2001,2001.0,True
OpenAlex,ips_c1,3,2003,2003.0,True
OpenAlex,ips_c1,1,2005,2005.0,True
OpenAlex,ips_c2,5,2001,2001.0,True
OpenAlex,ips_c2,3,2003,2003.0,True
OpenAlex,ips_c2,1,2005,2005.0,True
OpenAlex,mrna_c1,5,2015,2015.0,True
OpenAlex,mrna_c1,3,2017,2017.0,True
OpenAlex,mrna_c1,1,2019,2019.0,True
OpenAlex,mrna_c2,5,2015,2015.0,True
OpenAlex,mrna_c2,3,2017,2017.0,True
OpenAlex,mrna_c2,1,2019,2019.0,True
OpenAlex,alphafold2_c1,5,2016,2016.0,True
OpenAlex,alphafold2_c1,3,2018,2018.0,True
OpenAlex,alphafold2_c1,1,2020,2020.0,True
OpenAlex,alphafold2_c2,5,2016,2016.0,True
OpenAlex,alphafold2_c2,3,2018,2018.0,True
OpenAlex,alphafold2_c2,1,2020,2020.0,True
OpenAlex,singlecell_c1,5,2004,2004.0,True
OpenAlex,singlecell_c1,3,2006,2006.0,True
OpenAlex,singlecell_c1,1,2008,2008.0,True
OpenAlex,singlecell_c2,5,2004,2004.0,True
OpenAlex,singlecell_c2,3,2006,2006.0,True
OpenAlex,singlecell_c2,1,2008,2008.0,True
OpenAlex,rnai_c1,5,1993,1993.0,True
OpenAlex,rnai_c1,3,1995,1995.0,True
OpenAlex,rnai_c1,1,1997,1997.0,True
OpenAlex,rnai_c2,5,1993,1993.0,True
OpenAlex,rnai_c2,3,1995,1995.0,True
OpenAlex,rnai_c2,1,1997,1997.0,True
OpenAlex,graphene_c1,5,1999,1999.0,True
OpenAlex,graphene_c1,3,2001,2001.0,True
OpenAlex,graphene_c1,1,2003,2003.0,True
OpenAlex,graphene_c2,5,1999,1999.0,True
OpenAlex,graphene_c2,3,2001,2001.0,True
OpenAlex,graphene_c2,1,2003,2003.0,True
OpenAlex,transformer_c1,5,2012,2012.0,True
OpenAlex,transformer_c1,3,2014,2014.0,True
OpenAlex,transformer_c1,1,2016,2016.0,True
OpenAlex,transformer_c2,5,2012,2012.0,True
OpenAlex,transformer_c2,3,2014,2014.0,True
OpenAlex,transformer_c2,1,2016,2016.0,True
OpenAlex,resnet_c1,5,2010,2010.0,True
OpenAlex,resnet_c1,3,2012,2012.0,True
OpenAlex,resnet_c1,1,2014,2014.0,True
OpenAlex,resnet_c2,5,2010,2010.0,True
OpenAlex,resnet_c2,3,2012,2012.0,True
OpenAlex,resnet_c2,1,2014,2014.0,True
OpenAlex,diffusion_c1,5,2015,2015.0,True
OpenAlex,diffusion_c1,3,2017,2017.0,True
OpenAlex,diffusion_c1,1,2019,2019.0,True
OpenAlex,diffusion_c2,5,2015,2015.0,True
OpenAlex,diffusion_c2,3,2017,2017.0,True
OpenAlex,diffusion_c2,1,2019,2019.0,True
OpenAlex,rag_c1,5,2015,2015.0,True
OpenAlex,rag_c1,3,2017,2017.0,True
OpenAlex,rag_c1,1,2019,2019.0,True
OpenAlex,rag_c2,5,2015,2015.0,True
OpenAlex,rag_c2,3,2017,2017.0,True
OpenAlex,rag_c2,1,2019,2019.0,True
OpenAlex,qec_c1,5,1990,1990.0,True
OpenAlex,qec_c1,3,1992,1992.0,True
OpenAlex,qec_c1,1,1994,1994.0,True
OpenAlex,qec_c2,5,1990,1990.0,True
OpenAlex,qec_c2,3,1992,1992.0,True
OpenAlex,qec_c2,1,1994,1994.0,True
PubMed,ips,5,2001,2000.0,True
PubMed,ips,3,2003,2003.0,True
PubMed,ips,1,2005,2005.0,True
PubMed,mrna,5,2015,,True
PubMed,mrna,3,2017,2017.0,True
PubMed,mrna,1,2019,2019.0,True
PubMed,alphafold2,5,2016,,True
PubMed,alphafold2,3,2018,,True
PubMed,alphafold2,1,2020,2020.0,True
PubMed,singlecell,5,2004,2004.0,True
PubMed,singlecell,3,2006,2006.0,True
PubMed,singlecell,1,2008,2008.0,True
PubMed,crispr_c1,5,2007,2007.0,True
PubMed,crispr_c1,3,2009,2009.0,True
PubMed,crispr_c1,1,2011,2011.0,True
PubMed,crispr_c2,5,2007,2007.0,True
PubMed,crispr_c2,3,2009,2009.0,True
PubMed,crispr_c2,1,2011,2011.0,True
PubMed,ips_c1,5,2001,2001.0,True
PubMed,ips_c1,3,2003,2003.0,True
PubMed,ips_c1,1,2005,2005.0,True
PubMed,ips_c2,5,2001,2001.0,True
PubMed,ips_c2,3,2003,2003.0,True
PubMed,ips_c2,1,2005,2005.0,True
PubMed,mrna_c1,5,2015,2015.0,True
PubMed,mrna_c1,3,2017,2017.0,True
PubMed,mrna_c1,1,2019,2019.0,True
PubMed,mrna_c2,5,2015,2015.0,True
PubMed,mrna_c2,3,2017,2017.0,True
PubMed,mrna_c2,1,2019,2019.0,True
PubMed,alphafold2_c1,5,2016,2016.0,True
PubMed,alphafold2_c1,3,2018,2018.0,True
PubMed,alphafold2_c1,1,2020,2020.0,True
PubMed,alphafold2_c2,5,2016,,True
PubMed,alphafold2_c2,3,2018,2018.0,True
PubMed,alphafold2_c2,1,2020,2020.0,True
PubMed,singlecell_c1,5,2004,2004.0,True
PubMed,singlecell_c1,3,2006,2006.0,True
PubMed,singlecell_c1,1,2008,2008.0,True
PubMed,singlecell_c2,5,2004,,True
PubMed,singlecell_c2,3,2006,,True
PubMed,singlecell_c2,1,2008,2008.0,True
PubMed,rnai_c1,5,1993,,True
PubMed,rnai_c1,3,1995,1994.0,True
PubMed,rnai_c1,1,1997,1997.0,True
PubMed,rnai_c2,5,1993,1992.0,True
PubMed,rnai_c2,3,1995,1992.0,True
PubMed,rnai_c2,1,1997,1997.0,True
OpenAlex,PV_0000_P,5,2014,2014.0,True
OpenAlex,PV_0000_P,3,2016,2016.0,True
OpenAlex,PV_0000_P,1,2018,2018.0,True
OpenAlex,PV_0000_C1,5,2014,2014.0,True
OpenAlex,PV_0000_C1,3,2016,2016.0,True
OpenAlex,PV_0000_C1,1,2018,2018.0,True
OpenAlex,PV_0000_C2,5,2014,2014.0,True
OpenAlex,PV_0000_C2,3,2016,2016.0,True
OpenAlex,PV_0000_C2,1,2018,2018.0,True
OpenAlex,PV_0001_P,5,2014,2014.0,True
OpenAlex,PV_0001_P,3,2016,2016.0,True
OpenAlex,PV_0001_P,1,2018,2018.0,True
OpenAlex,PV_0001_C1,5,2014,2014.0,True
OpenAlex,PV_0001_C1,3,2016,2016.0,True
OpenAlex,PV_0001_C1,1,2018,2018.0,True
OpenAlex,PV_0001_C2,5,2014,2014.0,True
OpenAlex,PV_0001_C2,3,2016,2016.0,True
OpenAlex,PV_0001_C2,1,2018,2018.0,True
OpenAlex,PV_0002_P,5,2014,2014.0,True
OpenAlex,PV_0002_P,3,2016,2016.0,True
OpenAlex,PV_0002_P,1,2018,2018.0,True
OpenAlex,PV_0002_C1,5,2014,2014.0,True
OpenAlex,PV_0002_C1,3,2016,2016.0,True
OpenAlex,PV_0002_C1,1,2018,2018.0,True
OpenAlex,PV_0002_C2,5,2014,2014.0,True
OpenAlex,PV_0002_C2,3,2016,2016.0,True
OpenAlex,PV_0002_C2,1,2018,2018.0,True
OpenAlex,PV_0003_P,5,2014,2014.0,True
OpenAlex,PV_0003_P,3,2016,2016.0,True
OpenAlex,PV_0003_P,1,2018,2018.0,True
OpenAlex,PV_0003_C1,5,2014,2014.0,True
OpenAlex,PV_0003_C1,3,2016,2016.0,True
OpenAlex,PV_0003_C1,1,2018,2018.0,True
OpenAlex,PV_0003_C2,5,2014,2014.0,True
OpenAlex,PV_0003_C2,3,2016,2016.0,True
OpenAlex,PV_0003_C2,1,2018,2018.0,True
OpenAlex,PV_0004_P,5,2014,2014.0,True
OpenAlex,PV_0004_P,3,2016,2016.0,True
OpenAlex,PV_0004_P,1,2018,2018.0,True
OpenAlex,PV_0004_C1,5,2014,2014.0,True
OpenAlex,PV_0004_C1,3,2016,2016.0,True
OpenAlex,PV_0004_C1,1,2018,2018.0,True
OpenAlex,PV_0004_C2,5,2014,2014.0,True
OpenAlex,PV_0004_C2,3,2016,2016.0,True
OpenAlex,PV_0004_C2,1,2018,2018.0,True
OpenAlex,PV_0005_P,5,2014,2014.0,True
OpenAlex,PV_0005_P,3,2016,2016.0,True
OpenAlex,PV_0005_P,1,2018,2018.0,True
OpenAlex,PV_0005_C1,5,2014,2014.0,True
OpenAlex,PV_0005_C1,3,2016,2016.0,True
OpenAlex,PV_0005_C1,1,2018,2018.0,True
OpenAlex,PV_0005_C2,5,2014,2014.0,True
OpenAlex,PV_0005_C2,3,2016,2016.0,True
OpenAlex,PV_0005_C2,1,2018,2018.0,True
OpenAlex,PV_0006_P,5,2014,2014.0,True
OpenAlex,PV_0006_P,3,2016,2016.0,True
OpenAlex,PV_0006_P,1,2018,2018.0,True
OpenAlex,PV_0006_C1,5,2014,2014.0,True
OpenAlex,PV_0006_C1,3,2016,2016.0,True
OpenAlex,PV_0006_C1,1,2018,2018.0,True
OpenAlex,PV_0006_C2,5,2014,2014.0,True
OpenAlex,PV_0006_C2,3,2016,2016.0,True
OpenAlex,PV_0006_C2,1,2018,2018.0,True
OpenAlex,PV_0007_P,5,2014,2014.0,True
OpenAlex,PV_0007_P,3,2016,2016.0,True
OpenAlex,PV_0007_P,1,2018,2018.0,True
OpenAlex,PV_0007_C1,5,2014,2014.0,True
OpenAlex,PV_0007_C1,3,2016,2016.0,True
OpenAlex,PV_0007_C1,1,2018,2018.0,True
OpenAlex,PV_0007_C2,5,2014,2014.0,True
OpenAlex,PV_0007_C2,3,2016,2016.0,True
OpenAlex,PV_0007_C2,1,2018,2018.0,True
OpenAlex,PV_0008_P,5,2014,2014.0,True
OpenAlex,PV_0008_P,3,2016,2016.0,True
OpenAlex,PV_0008_P,1,2018,2018.0,True
OpenAlex,PV_0008_C1,5,2014,2014.0,True
OpenAlex,PV_0008_C1,3,2016,2016.0,True
OpenAlex,PV_0008_C1,1,2018,2018.0,True
OpenAlex,PV_0008_C2,5,2014,2014.0,True
OpenAlex,PV_0008_C2,3,2016,2016.0,True
OpenAlex,PV_0008_C2,1,2018,2018.0,True
OpenAlex,PV_0009_P,5,2014,2014.0,True
OpenAlex,PV_0009_P,3,2016,2016.0,True
OpenAlex,PV_0009_P,1,2018,2018.0,True
OpenAlex,PV_0009_C1,5,2014,2014.0,True
OpenAlex,PV_0009_C1,3,2016,2016.0,True
OpenAlex,PV_0009_C1,1,2018,2018.0,True
OpenAlex,PV_0009_C2,5,2014,2014.0,True
OpenAlex,PV_0009_C2,3,2016,2016.0,True
OpenAlex,PV_0009_C2,1,2018,2018.0,True
OpenAlex,PV_0010_P,5,2014,2014.0,True
OpenAlex,PV_0010_P,3,2016,2016.0,True
OpenAlex,PV_0010_P,1,2018,2018.0,True
OpenAlex,PV_0010_C1,5,2014,2014.0,True
OpenAlex,PV_0010_C1,3,2016,2016.0,True
OpenAlex,PV_0010_C1,1,2018,2018.0,True
OpenAlex,PV_0010_C2,5,2014,2014.0,True
OpenAlex,PV_0010_C2,3,2016,2016.0,True
OpenAlex,PV_0010_C2,1,2018,2018.0,True
OpenAlex,PV_0011_P,5,2014,2014.0,True
OpenAlex,PV_0011_P,3,2016,2016.0,True
OpenAlex,PV_0011_P,1,2018,2018.0,True
OpenAlex,PV_0011_C1,5,2014,2014.0,True
OpenAlex,PV_0011_C1,3,2016,2016.0,True
OpenAlex,PV_0011_C1,1,2018,2018.0,True
OpenAlex,PV_0011_C2,5,2014,2014.0,True
OpenAlex,PV_0011_C2,3,2016,2016.0,True
OpenAlex,PV_0011_C2,1,2018,2018.0,True
OpenAlex,PV_0012_P,5,2014,2014.0,True
OpenAlex,PV_0012_P,3,2016,2016.0,True
OpenAlex,PV_0012_P,1,2018,2018.0,True
OpenAlex,PV_0012_C1,5,2014,2014.0,True
OpenAlex,PV_0012_C1,3,2016,2016.0,True
OpenAlex,PV_0012_C1,1,2018,2018.0,True
OpenAlex,PV_0012_C2,5,2014,2014.0,True
OpenAlex,PV_0012_C2,3,2016,2016.0,True
OpenAlex,PV_0012_C2,1,2018,2018.0,True
OpenAlex,PV_0013_P,5,2014,2014.0,True
OpenAlex,PV_0013_P,3,2016,2016.0,True
OpenAlex,PV_0013_P,1,2018,2018.0,True
OpenAlex,PV_0013_C1,5,2014,2014.0,True
OpenAlex,PV_0013_C1,3,2016,2016.0,True
OpenAlex,PV_0013_C1,1,2018,2018.0,True
OpenAlex,PV_0013_C2,5,2014,2014.0,True
OpenAlex,PV_0013_C2,3,2016,2016.0,True
OpenAlex,PV_0013_C2,1,2018,2018.0,True
OpenAlex,PV_0014_P,5,2014,2014.0,True
OpenAlex,PV_0014_P,3,2016,2016.0,True
OpenAlex,PV_0014_P,1,2018,2018.0,True
OpenAlex,PV_0014_C1,5,2014,2014.0,True
OpenAlex,PV_0014_C1,3,2016,2016.0,True
OpenAlex,PV_0014_C1,1,2018,2018.0,True
OpenAlex,PV_0014_C2,5,2014,2014.0,True
OpenAlex,PV_0014_C2,3,2016,2016.0,True
OpenAlex,PV_0014_C2,1,2018,2018.0,True
OpenAlex,PV_0015_P,5,2014,2014.0,True
OpenAlex,PV_0015_P,3,2016,2016.0,True
OpenAlex,PV_0015_P,1,2018,2018.0,True
OpenAlex,PV_0015_C1,5,2014,2014.0,True
OpenAlex,PV_0015_C1,3,2016,2016.0,True
OpenAlex,PV_0015_C1,1,2018,2018.0,True
OpenAlex,PV_0015_C2,5,2014,2014.0,True
OpenAlex,PV_0015_C2,3,2016,2016.0,True
OpenAlex,PV_0015_C2,1,2018,2018.0,True
OpenAlex,PV_0016_P,5,2014,2014.0,True
OpenAlex,PV_0016_P,3,2016,2016.0,True
OpenAlex,PV_0016_P,1,2018,2018.0,True
OpenAlex,PV_0016_C1,5,2014,2014.0,True
OpenAlex,PV_0016_C1,3,2016,2016.0,True
OpenAlex,PV_0016_C1,1,2018,2018.0,True
OpenAlex,PV_0016_C2,5,2014,2014.0,True
OpenAlex,PV_0016_C2,3,2016,2016.0,True
OpenAlex,PV_0016_C2,1,2018,2018.0,True
OpenAlex,PV_0017_P,5,2014,2014.0,True
OpenAlex,PV_0017_P,3,2016,2016.0,True
OpenAlex,PV_0017_P,1,2018,2018.0,True
OpenAlex,PV_0017_C1,5,2014,2014.0,True
OpenAlex,PV_0017_C1,3,2016,2016.0,True
OpenAlex,PV_0017_C1,1,2018,2018.0,True
OpenAlex,PV_0017_C2,5,2014,2014.0,True
OpenAlex,PV_0017_C2,3,2016,2016.0,True
OpenAlex,PV_0017_C2,1,2018,2018.0,True
OpenAlex,PV_0018_P,5,2014,2014.0,True
OpenAlex,PV_0018_P,3,2016,2016.0,True
OpenAlex,PV_0018_P,1,2018,2018.0,True
OpenAlex,PV_0018_C1,5,2014,2014.0,True
OpenAlex,PV_0018_C1,3,2016,2016.0,True
OpenAlex,PV_0018_C1,1,2018,2018.0,True
OpenAlex,PV_0018_C2,5,2014,2014.0,True
OpenAlex,PV_0018_C2,3,2016,2016.0,True
OpenAlex,PV_0018_C2,1,2018,2018.0,True
OpenAlex,PV_0019_P,5,2014,2014.0,True
OpenAlex,PV_0019_P,3,2016,2016.0,True
OpenAlex,PV_0019_P,1,2018,2018.0,True
OpenAlex,PV_0019_C1,5,2014,2014.0,True
OpenAlex,PV_0019_C1,3,2016,2016.0,True
OpenAlex,PV_0019_C1,1,2018,2018.0,True
OpenAlex,PV_0019_C2,5,2014,2014.0,True
OpenAlex,PV_0019_C2,3,2016,2016.0,True
OpenAlex,PV_0019_C2,1,2018,2018.0,True
OpenAlex,PV_0020_P,5,2014,2014.0,True
OpenAlex,PV_0020_P,3,2016,2016.0,True
OpenAlex,PV_0020_P,1,2018,2018.0,True
OpenAlex,PV_0020_C1,5,2014,2014.0,True
OpenAlex,PV_0020_C1,3,2016,2016.0,True
OpenAlex,PV_0020_C1,1,2018,2018.0,True
OpenAlex,PV_0020_C2,5,2014,2014.0,True
OpenAlex,PV_0020_C2,3,2016,2016.0,True
OpenAlex,PV_0020_C2,1,2018,2018.0,True
OpenAlex,PV_0021_P,5,2014,2014.0,True
OpenAlex,PV_0021_P,3,2016,2016.0,True
OpenAlex,PV_0021_P,1,2018,2018.0,True
OpenAlex,PV_0021_C1,5,2014,2014.0,True
OpenAlex,PV_0021_C1,3,2016,2016.0,True
OpenAlex,PV_0021_C1,1,2018,2018.0,True
OpenAlex,PV_0021_C2,5,2014,2014.0,True
OpenAlex,PV_0021_C2,3,2016,2016.0,True
OpenAlex,PV_0021_C2,1,2018,2018.0,True
OpenAlex,PV_0022_P,5,2014,2014.0,True
OpenAlex,PV_0022_P,3,2016,2016.0,True
OpenAlex,PV_0022_P,1,2018,2018.0,True
OpenAlex,PV_0022_C1,5,2014,2014.0,True
OpenAlex,PV_0022_C1,3,2016,2016.0,True
OpenAlex,PV_0022_C1,1,2018,2018.0,True
OpenAlex,PV_0022_C2,5,2014,2014.0,True
OpenAlex,PV_0022_C2,3,2016,2016.0,True
OpenAlex,PV_0022_C2,1,2018,2018.0,True
OpenAlex,PV_0023_P,5,2014,2014.0,True
OpenAlex,PV_0023_P,3,2016,2016.0,True
OpenAlex,PV_0023_P,1,2018,2018.0,True
OpenAlex,PV_0023_C1,5,2014,2014.0,True
OpenAlex,PV_0023_C1,3,2016,2016.0,True
OpenAlex,PV_0023_C1,1,2018,2018.0,True
OpenAlex,PV_0023_C2,5,2014,2014.0,True
OpenAlex,PV_0023_C2,3,2016,2016.0,True
OpenAlex,PV_0023_C2,1,2018,2018.0,True
OpenAlex,PV_0024_P,5,2014,2014.0,True
OpenAlex,PV_0024_P,3,2016,2016.0,True
OpenAlex,PV_0024_P,1,2018,2018.0,True
OpenAlex,PV_0024_C1,5,2014,2014.0,True
OpenAlex,PV_0024_C1,3,2016,2016.0,True
OpenAlex,PV_0024_C1,1,2018,2018.0,True
OpenAlex,PV_0024_C2,5,2014,2014.0,True
OpenAlex,PV_0024_C2,3,2016,2016.0,True
OpenAlex,PV_0024_C2,1,2018,2018.0,True
OpenAlex,PV_0025_P,5,2014,2014.0,True
OpenAlex,PV_0025_P,3,2016,2016.0,True
OpenAlex,PV_0025_P,1,2018,2018.0,True
OpenAlex,PV_0025_C1,5,2014,2014.0,True
OpenAlex,PV_0025_C1,3,2016,2016.0,True
OpenAlex,PV_0025_C1,1,2018,2018.0,True
OpenAlex,PV_0025_C2,5,2014,2014.0,True
OpenAlex,PV_0025_C2,3,2016,2016.0,True
OpenAlex,PV_0025_C2,1,2018,2018.0,True
OpenAlex,PV_0026_P,5,2014,2014.0,True
OpenAlex,PV_0026_P,3,2016,2016.0,True
OpenAlex,PV_0026_P,1,2018,2018.0,True
OpenAlex,PV_0026_C1,5,2014,2014.0,True
OpenAlex,PV_0026_C1,3,2016,2016.0,True
OpenAlex,PV_0026_C1,1,2018,2018.0,True
OpenAlex,PV_0026_C2,5,2014,2014.0,True
OpenAlex,PV_0026_C2,3,2016,2016.0,True
OpenAlex,PV_0026_C2,1,2018,2018.0,True
OpenAlex,PV_0027_P,5,2014,2014.0,True
OpenAlex,PV_0027_P,3,2016,2016.0,True
OpenAlex,PV_0027_P,1,2018,2018.0,True
OpenAlex,PV_0027_C1,5,2014,2014.0,True
OpenAlex,PV_0027_C1,3,2016,2016.0,True
OpenAlex,PV_0027_C1,1,2018,2018.0,True
OpenAlex,PV_0027_C2,5,2014,2014.0,True
OpenAlex,PV_0027_C2,3,2016,2016.0,True
OpenAlex,PV_0027_C2,1,2018,2018.0,True
OpenAlex,PV_0028_P,5,2014,2014.0,True
OpenAlex,PV_0028_P,3,2016,2016.0,True
OpenAlex,PV_0028_P,1,2018,2018.0,True
OpenAlex,PV_0028_C1,5,2014,2014.0,True
OpenAlex,PV_0028_C1,3,2016,2016.0,True
OpenAlex,PV_0028_C1,1,2018,2018.0,True
OpenAlex,PV_0028_C2,5,2014,2014.0,True
OpenAlex,PV_0028_C2,3,2016,2016.0,True
OpenAlex,PV_0028_C2,1,2018,2018.0,True
OpenAlex,PV_0029_P,5,2014,2014.0,True
OpenAlex,PV_0029_P,3,2016,2016.0,True
OpenAlex,PV_0029_P,1,2018,2018.0,True
OpenAlex,PV_0029_C1,5,2014,2014.0,True
OpenAlex,PV_0029_C1,3,2016,2016.0,True
OpenAlex,PV_0029_C1,1,2018,2018.0,True
OpenAlex,PV_0029_C2,5,2014,2014.0,True
OpenAlex,PV_0029_C2,3,2016,2016.0,True
OpenAlex,PV_0029_C2,1,2018,2018.0,True
OpenAlex,PV_0030_P,5,2014,2014.0,True
OpenAlex,PV_0030_P,3,2016,2016.0,True
OpenAlex,PV_0030_P,1,2018,2018.0,True
OpenAlex,PV_0030_C1,5,2014,2014.0,True
OpenAlex,PV_0030_C1,3,2016,2016.0,True
OpenAlex,PV_0030_C1,1,2018,2018.0,True
OpenAlex,PV_0030_C2,5,2014,2014.0,True
OpenAlex,PV_0030_C2,3,2016,2016.0,True
OpenAlex,PV_0030_C2,1,2018,2018.0,True
OpenAlex,PV_0031_P,5,2014,2014.0,True
OpenAlex,PV_0031_P,3,2016,2016.0,True
OpenAlex,PV_0031_P,1,2018,2018.0,True
OpenAlex,PV_0031_C1,5,2014,2014.0,True
OpenAlex,PV_0031_C1,3,2016,2016.0,True
OpenAlex,PV_0031_C1,1,2018,2018.0,True
OpenAlex,PV_0031_C2,5,2014,2014.0,True
OpenAlex,PV_0031_C2,3,2016,2016.0,True
OpenAlex,PV_0031_C2,1,2018,2018.0,True
OpenAlex,PV_0032_P,5,2014,2014.0,True
OpenAlex,PV_0032_P,3,2016,2016.0,True
OpenAlex,PV_0032_P,1,2018,2018.0,True
OpenAlex,PV_0032_C1,5,2014,2014.0,True
OpenAlex,PV_0032_C1,3,2016,2016.0,True
OpenAlex,PV_0032_C1,1,2018,2018.0,True
OpenAlex,PV_0032_C2,5,2014,2014.0,True
OpenAlex,PV_0032_C2,3,2016,2016.0,True
OpenAlex,PV_0032_C2,1,2018,2018.0,True
OpenAlex,PV_0033_P,5,2014,2014.0,True
OpenAlex,PV_0033_P,3,2016,2016.0,True
OpenAlex,PV_0033_P,1,2018,2018.0,True
OpenAlex,PV_0033_C1,5,2014,2014.0,True
OpenAlex,PV_0033_C1,3,2016,2016.0,True
OpenAlex,PV_0033_C1,1,2018,2018.0,True
OpenAlex,PV_0033_C2,5,2014,2014.0,True
OpenAlex,PV_0033_C2,3,2016,2016.0,True
OpenAlex,PV_0033_C2,1,2018,2018.0,True
OpenAlex,PV_0034_P,5,2014,2014.0,True
OpenAlex,PV_0034_P,3,2016,2016.0,True
OpenAlex,PV_0034_P,1,2018,2018.0,True
OpenAlex,PV_0034_C1,5,2014,2014.0,True
OpenAlex,PV_0034_C1,3,2016,2016.0,True
OpenAlex,PV_0034_C1,1,2018,2018.0,True
OpenAlex,PV_0034_C2,5,2014,2014.0,True
OpenAlex,PV_0034_C2,3,2016,2016.0,True
OpenAlex,PV_0034_C2,1,2018,2018.0,True
OpenAlex,PV_0035_P,5,2014,2014.0,True
OpenAlex,PV_0035_P,3,2016,2016.0,True
OpenAlex,PV_0035_P,1,2018,2018.0,True
OpenAlex,PV_0035_C1,5,2014,2014.0,True
OpenAlex,PV_0035_C1,3,2016,2016.0,True
OpenAlex,PV_0035_C1,1,2018,2018.0,True
OpenAlex,PV_0035_C2,5,2014,2014.0,True
OpenAlex,PV_0035_C2,3,2016,2016.0,True
OpenAlex,PV_0035_C2,1,2018,2018.0,True
OpenAlex,PV_0036_P,5,2014,2014.0,True
OpenAlex,PV_0036_P,3,2016,2016.0,True
OpenAlex,PV_0036_P,1,2018,2018.0,True
OpenAlex,PV_0036_C1,5,2014,2014.0,True
OpenAlex,PV_0036_C1,3,2016,2016.0,True
OpenAlex,PV_0036_C1,1,2018,2018.0,True
OpenAlex,PV_0036_C2,5,2014,2014.0,True
OpenAlex,PV_0036_C2,3,2016,2016.0,True
OpenAlex,PV_0036_C2,1,2018,2018.0,True
OpenAlex,PV_0037_P,5,2014,2014.0,True
OpenAlex,PV_0037_P,3,2016,2016.0,True
OpenAlex,PV_0037_P,1,2018,2018.0,True
OpenAlex,PV_0037_C1,5,2014,2014.0,True
OpenAlex,PV_0037_C1,3,2016,2016.0,True
OpenAlex,PV_0037_C1,1,2018,2018.0,True
OpenAlex,PV_0037_C2,5,2014,2014.0,True
OpenAlex,PV_0037_C2,3,2016,2016.0,True
OpenAlex,PV_0037_C2,1,2018,2018.0,True
OpenAlex,PV_0038_P,5,2014,2014.0,True
OpenAlex,PV_0038_P,3,2016,2016.0,True
OpenAlex,PV_0038_P,1,2018,2018.0,True
OpenAlex,PV_0038_C1,5,2014,2014.0,True
OpenAlex,PV_0038_C1,3,2016,2016.0,True
OpenAlex,PV_0038_C1,1,2018,2018.0,True
OpenAlex,PV_0038_C2,5,2014,2014.0,True
OpenAlex,PV_0038_C2,3,2016,2016.0,True
OpenAlex,PV_0038_C2,1,2018,2018.0,True
OpenAlex,PV_0039_P,5,2014,2014.0,True
OpenAlex,PV_0039_P,3,2016,2016.0,True
OpenAlex,PV_0039_P,1,2018,2018.0,True
OpenAlex,PV_0039_C1,5,2014,2014.0,True
OpenAlex,PV_0039_C1,3,2016,2016.0,True
OpenAlex,PV_0039_C1,1,2018,2018.0,True
OpenAlex,PV_0039_C2,5,2014,2014.0,True
OpenAlex,PV_0039_C2,3,2016,2016.0,True
OpenAlex,PV_0039_C2,1,2018,2018.0,True
OpenAlex,PV_0040_P,5,2014,2014.0,True
OpenAlex,PV_0040_P,3,2016,2016.0,True
OpenAlex,PV_0040_P,1,2018,2018.0,True
OpenAlex,PV_0040_C1,5,2014,2014.0,True
OpenAlex,PV_0040_C1,3,2016,2016.0,True
OpenAlex,PV_0040_C1,1,2018,2018.0,True
OpenAlex,PV_0040_C2,5,2014,2014.0,True
OpenAlex,PV_0040_C2,3,2016,2016.0,True
OpenAlex,PV_0040_C2,1,2018,2018.0,True
OpenAlex,PV_0041_P,5,2014,2014.0,True
OpenAlex,PV_0041_P,3,2016,2016.0,True
OpenAlex,PV_0041_P,1,2018,2018.0,True
OpenAlex,PV_0041_C1,5,2014,2014.0,True
OpenAlex,PV_0041_C1,3,2016,2016.0,True
OpenAlex,PV_0041_C1,1,2018,2018.0,True
OpenAlex,PV_0041_C2,5,2014,2014.0,True
OpenAlex,PV_0041_C2,3,2016,2016.0,True
OpenAlex,PV_0041_C2,1,2018,2018.0,True
OpenAlex,PV_0042_P,5,2014,2014.0,True
OpenAlex,PV_0042_P,3,2016,2016.0,True
OpenAlex,PV_0042_P,1,2018,2018.0,True
OpenAlex,PV_0042_C1,5,2014,2014.0,True
OpenAlex,PV_0042_C1,3,2016,2016.0,True
OpenAlex,PV_0042_C1,1,2018,2018.0,True
OpenAlex,PV_0042_C2,5,2014,2014.0,True
OpenAlex,PV_0042_C2,3,2016,2016.0,True
OpenAlex,PV_0042_C2,1,2018,2018.0,True
OpenAlex,PV_0043_P,5,2014,2014.0,True
OpenAlex,PV_0043_P,3,2016,2016.0,True
OpenAlex,PV_0043_P,1,2018,2018.0,True
OpenAlex,PV_0043_C1,5,2014,2014.0,True
OpenAlex,PV_0043_C1,3,2016,2016.0,True
OpenAlex,PV_0043_C1,1,2018,2018.0,True
OpenAlex,PV_0043_C2,5,2014,2014.0,True
OpenAlex,PV_0043_C2,3,2016,2016.0,True
OpenAlex,PV_0043_C2,1,2018,2018.0,True
OpenAlex,PV_0044_P,5,2014,2014.0,True
OpenAlex,PV_0044_P,3,2016,2016.0,True
OpenAlex,PV_0044_P,1,2018,2018.0,True
OpenAlex,PV_0044_C1,5,2014,2014.0,True
OpenAlex,PV_0044_C1,3,2016,2016.0,True
OpenAlex,PV_0044_C1,1,2018,2018.0,True
OpenAlex,PV_0044_C2,5,2014,2014.0,True
OpenAlex,PV_0044_C2,3,2016,2016.0,True
OpenAlex,PV_0044_C2,1,2018,2018.0,True
OpenAlex,PV_0045_P,5,2014,2014.0,True
OpenAlex,PV_0045_P,3,2016,2016.0,True
OpenAlex,PV_0045_P,1,2018,2018.0,True
OpenAlex,PV_0045_C1,5,2014,2014.0,True
OpenAlex,PV_0045_C1,3,2016,2016.0,True
OpenAlex,PV_0045_C1,1,2018,2018.0,True
OpenAlex,PV_0045_C2,5,2014,2014.0,True
OpenAlex,PV_0045_C2,3,2016,2016.0,True
OpenAlex,PV_0045_C2,1,2018,2018.0,True
OpenAlex,PV_0046_P,5,2014,2014.0,True
OpenAlex,PV_0046_P,3,2016,2016.0,True
OpenAlex,PV_0046_P,1,2018,2018.0,True
OpenAlex,PV_0046_C1,5,2014,2014.0,True
OpenAlex,PV_0046_C1,3,2016,2016.0,True
OpenAlex,PV_0046_C1,1,2018,2018.0,True
OpenAlex,PV_0046_C2,5,2014,2014.0,True
OpenAlex,PV_0046_C2,3,2016,2016.0,True
OpenAlex,PV_0046_C2,1,2018,2018.0,True
OpenAlex,PV_0047_P,5,2014,2014.0,True
OpenAlex,PV_0047_P,3,2016,2016.0,True
OpenAlex,PV_0047_P,1,2018,2018.0,True
OpenAlex,PV_0047_C1,5,2014,2014.0,True
OpenAlex,PV_0047_C1,3,2016,2016.0,True
OpenAlex,PV_0047_C1,1,2018,2018.0,True
OpenAlex,PV_0047_C2,5,2014,2014.0,True
OpenAlex,PV_0047_C2,3,2016,2016.0,True
OpenAlex,PV_0047_C2,1,2018,2018.0,True
OpenAlex,PV_0048_P,5,2014,2014.0,True
OpenAlex,PV_0048_P,3,2016,2016.0,True
OpenAlex,PV_0048_P,1,2018,2018.0,True
OpenAlex,PV_0048_C1,5,2014,2014.0,True
OpenAlex,PV_0048_C1,3,2016,2016.0,True
OpenAlex,PV_0048_C1,1,2018,2018.0,True
OpenAlex,PV_0048_C2,5,2014,2014.0,True
OpenAlex,PV_0048_C2,3,2016,2016.0,True
OpenAlex,PV_0048_C2,1,2018,2018.0,True
OpenAlex,PV_0049_P,5,2014,2014.0,True
OpenAlex,PV_0049_P,3,2016,2016.0,True
OpenAlex,PV_0049_P,1,2018,2018.0,True
OpenAlex,PV_0049_C1,5,2014,2014.0,True
OpenAlex,PV_0049_C1,3,2016,2016.0,True
OpenAlex,PV_0049_C1,1,2018,2018.0,True
OpenAlex,PV_0049_C2,5,2014,2014.0,True
OpenAlex,PV_0049_C2,3,2016,2016.0,True
OpenAlex,PV_0049_C2,1,2018,2018.0,True
OpenAlex,PV_0050_P,5,2014,2014.0,True
OpenAlex,PV_0050_P,3,2016,2016.0,True
OpenAlex,PV_0050_P,1,2018,2018.0,True
OpenAlex,PV_0050_C1,5,2014,2014.0,True
OpenAlex,PV_0050_C1,3,2016,2016.0,True
OpenAlex,PV_0050_C1,1,2018,2018.0,True
OpenAlex,PV_0050_C2,5,2014,2014.0,True
OpenAlex,PV_0050_C2,3,2016,2016.0,True
OpenAlex,PV_0050_C2,1,2018,2018.0,True
OpenAlex,PV_0051_P,5,2014,2014.0,True
OpenAlex,PV_0051_P,3,2016,2016.0,True
OpenAlex,PV_0051_P,1,2018,2018.0,True
OpenAlex,PV_0051_C1,5,2014,2014.0,True
OpenAlex,PV_0051_C1,3,2016,2016.0,True
OpenAlex,PV_0051_C1,1,2018,2018.0,True
OpenAlex,PV_0051_C2,5,2014,2014.0,True
OpenAlex,PV_0051_C2,3,2016,2016.0,True
OpenAlex,PV_0051_C2,1,2018,2018.0,True
OpenAlex,PV_0052_P,5,2014,2014.0,True
OpenAlex,PV_0052_P,3,2016,2016.0,True
OpenAlex,PV_0052_P,1,2018,2018.0,True
OpenAlex,PV_0052_C1,5,2014,2014.0,True
OpenAlex,PV_0052_C1,3,2016,2016.0,True
OpenAlex,PV_0052_C1,1,2018,2018.0,True
OpenAlex,PV_0052_C2,5,2014,2014.0,True
OpenAlex,PV_0052_C2,3,2016,2016.0,True
OpenAlex,PV_0052_C2,1,2018,2018.0,True
OpenAlex,PV_0053_P,5,2014,2014.0,True
OpenAlex,PV_0053_P,3,2016,2016.0,True
OpenAlex,PV_0053_P,1,2018,2018.0,True
OpenAlex,PV_0053_C1,5,2014,2014.0,True
OpenAlex,PV_0053_C1,3,2016,2016.0,True
OpenAlex,PV_0053_C1,1,2018,2018.0,True
OpenAlex,PV_0053_C2,5,2014,2014.0,True
OpenAlex,PV_0053_C2,3,2016,2016.0,True
OpenAlex,PV_0053_C2,1,2018,2018.0,True
OpenAlex,PV_0054_P,5,2014,2014.0,True
OpenAlex,PV_0054_P,3,2016,2016.0,True
OpenAlex,PV_0054_P,1,2018,2018.0,True
OpenAlex,PV_0054_C1,5,2014,2014.0,True
OpenAlex,PV_0054_C1,3,2016,2016.0,True
OpenAlex,PV_0054_C1,1,2018,2018.0,True
OpenAlex,PV_0054_C2,5,2014,2014.0,True
OpenAlex,PV_0054_C2,3,2016,2016.0,True
OpenAlex,PV_0054_C2,1,2018,2018.0,True
OpenAlex,PV_0055_P,5,2014,2014.0,True
OpenAlex,PV_0055_P,3,2016,2016.0,True
OpenAlex,PV_0055_P,1,2018,2018.0,True
OpenAlex,PV_0055_C1,5,2014,2014.0,True
OpenAlex,PV_0055_C1,3,2016,2016.0,True
OpenAlex,PV_0055_C1,1,2018,2018.0,True
OpenAlex,PV_0055_C2,5,2014,2014.0,True
OpenAlex,PV_0055_C2,3,2016,2016.0,True
OpenAlex,PV_0055_C2,1,2018,2018.0,True
OpenAlex,PV_0056_P,5,2014,2014.0,True
OpenAlex,PV_0056_P,3,2016,2016.0,True
OpenAlex,PV_0056_P,1,2018,2018.0,True
OpenAlex,PV_0056_C1,5,2014,2014.0,True
OpenAlex,PV_0056_C1,3,2016,2016.0,True
OpenAlex,PV_0056_C1,1,2018,2018.0,True
OpenAlex,PV_0056_C2,5,2014,2014.0,True
OpenAlex,PV_0056_C2,3,2016,2016.0,True
OpenAlex,PV_0056_C2,1,2018,2018.0,True
OpenAlex,PV_0057_P,5,2014,2014.0,True
OpenAlex,PV_0057_P,3,2016,2016.0,True
OpenAlex,PV_0057_P,1,2018,2018.0,True
OpenAlex,PV_0057_C1,5,2014,2014.0,True
OpenAlex,PV_0057_C1,3,2016,2016.0,True
OpenAlex,PV_0057_C1,1,2018,2018.0,True
OpenAlex,PV_0057_C2,5,2014,2014.0,True
OpenAlex,PV_0057_C2,3,2016,2016.0,True
OpenAlex,PV_0057_C2,1,2018,2018.0,True
OpenAlex,PV_0058_P,5,2014,2014.0,True
OpenAlex,PV_0058_P,3,2016,2016.0,True
OpenAlex,PV_0058_P,1,2018,2018.0,True
OpenAlex,PV_0058_C1,5,2014,2014.0,True
OpenAlex,PV_0058_C1,3,2016,2016.0,True
OpenAlex,PV_0058_C1,1,2018,2018.0,True
OpenAlex,PV_0058_C2,5,2014,2014.0,True
OpenAlex,PV_0058_C2,3,2016,2016.0,True
OpenAlex,PV_0058_C2,1,2018,2018.0,True
OpenAlex,PV_0059_P,5,2014,2014.0,True
OpenAlex,PV_0059_P,3,2016,2016.0,True
OpenAlex,PV_0059_P,1,2018,2018.0,True
OpenAlex,PV_0059_C1,5,2014,2014.0,True
OpenAlex,PV_0059_C1,3,2016,2016.0,True
OpenAlex,PV_0059_C1,1,2018,2018.0,True
OpenAlex,PV_0059_C2,5,2014,2014.0,True
OpenAlex,PV_0059_C2,3,2016,2016.0,True
OpenAlex,PV_0059_C2,1,2018,2018.0,True
OpenAlex,PV_0060_P,5,2014,2014.0,True
OpenAlex,PV_0060_P,3,2016,2016.0,True
OpenAlex,PV_0060_P,1,2018,2018.0,True
OpenAlex,PV_0060_C1,5,2014,2014.0,True
OpenAlex,PV_0060_C1,3,2016,2016.0,True
OpenAlex,PV_0060_C1,1,2018,2018.0,True
OpenAlex,PV_0060_C2,5,2014,2014.0,True
OpenAlex,PV_0060_C2,3,2016,2016.0,True
OpenAlex,PV_0060_C2,1,2018,2018.0,True
OpenAlex,PV_0061_P,5,2014,2014.0,True
OpenAlex,PV_0061_P,3,2016,2016.0,True
OpenAlex,PV_0061_P,1,2018,2018.0,True
OpenAlex,PV_0061_C1,5,2014,2014.0,True
OpenAlex,PV_0061_C1,3,2016,2016.0,True
OpenAlex,PV_0061_C1,1,2018,2018.0,True
OpenAlex,PV_0061_C2,5,2014,2014.0,True
OpenAlex,PV_0061_C2,3,2016,2016.0,True
OpenAlex,PV_0061_C2,1,2018,2018.0,True
OpenAlex,PV_0062_P,5,2014,2014.0,True
OpenAlex,PV_0062_P,3,2016,2016.0,True
OpenAlex,PV_0062_P,1,2018,2018.0,True
OpenAlex,PV_0062_C1,5,2014,2014.0,True
OpenAlex,PV_0062_C1,3,2016,2016.0,True
OpenAlex,PV_0062_C1,1,2018,2018.0,True
OpenAlex,PV_0062_C2,5,2014,2014.0,True
OpenAlex,PV_0062_C2,3,2016,2016.0,True
OpenAlex,PV_0062_C2,1,2018,2018.0,True
OpenAlex,PV_0063_P,5,2014,2014.0,True
OpenAlex,PV_0063_P,3,2016,2016.0,True
OpenAlex,PV_0063_P,1,2018,2018.0,True
OpenAlex,PV_0063_C1,5,2014,2014.0,True
OpenAlex,PV_0063_C1,3,2016,2016.0,True
OpenAlex,PV_0063_C1,1,2018,2018.0,True
OpenAlex,PV_0063_C2,5,2014,2014.0,True
OpenAlex,PV_0063_C2,3,2016,2016.0,True
OpenAlex,PV_0063_C2,1,2018,2018.0,True
OpenAlex,PV_0064_P,5,2014,2014.0,True
OpenAlex,PV_0064_P,3,2016,2016.0,True
OpenAlex,PV_0064_P,1,2018,2018.0,True
OpenAlex,PV_0064_C1,5,2014,2014.0,True
OpenAlex,PV_0064_C1,3,2016,2016.0,True
OpenAlex,PV_0064_C1,1,2018,2018.0,True
OpenAlex,PV_0064_C2,5,2014,2014.0,True
OpenAlex,PV_0064_C2,3,2016,2016.0,True
OpenAlex,PV_0064_C2,1,2018,2018.0,True
OpenAlex,PV_0065_P,5,2014,2014.0,True
OpenAlex,PV_0065_P,3,2016,2016.0,True
OpenAlex,PV_0065_P,1,2018,2018.0,True
OpenAlex,PV_0065_C1,5,2014,2014.0,True
OpenAlex,PV_0065_C1,3,2016,2016.0,True
OpenAlex,PV_0065_C1,1,2018,2018.0,True
OpenAlex,PV_0065_C2,5,2014,2014.0,True
OpenAlex,PV_0065_C2,3,2016,2016.0,True
OpenAlex,PV_0065_C2,1,2018,2018.0,True
OpenAlex,PV_0066_P,5,2014,2014.0,True
OpenAlex,PV_0066_P,3,2016,2016.0,True
OpenAlex,PV_0066_P,1,2018,2018.0,True
OpenAlex,PV_0066_C1,5,2014,2014.0,True
OpenAlex,PV_0066_C1,3,2016,2016.0,True
OpenAlex,PV_0066_C1,1,2018,2018.0,True
OpenAlex,PV_0066_C2,5,2014,2014.0,True
OpenAlex,PV_0066_C2,3,2016,2016.0,True
OpenAlex,PV_0066_C2,1,2018,2018.0,True
OpenAlex,PV_0067_P,5,2014,2014.0,True
OpenAlex,PV_0067_P,3,2016,2016.0,True
OpenAlex,PV_0067_P,1,2018,2018.0,True
OpenAlex,PV_0067_C1,5,2014,2014.0,True
OpenAlex,PV_0067_C1,3,2016,2016.0,True
OpenAlex,PV_0067_C1,1,2018,2018.0,True
OpenAlex,PV_0067_C2,5,2014,2014.0,True
OpenAlex,PV_0067_C2,3,2016,2016.0,True
OpenAlex,PV_0067_C2,1,2018,2018.0,True
OpenAlex,PV_0068_P,5,2014,2014.0,True
OpenAlex,PV_0068_P,3,2016,2016.0,True
OpenAlex,PV_0068_P,1,2018,2018.0,True
OpenAlex,PV_0068_C1,5,2014,2014.0,True
OpenAlex,PV_0068_C1,3,2016,2016.0,True
OpenAlex,PV_0068_C1,1,2018,2018.0,True
OpenAlex,PV_0068_C2,5,2014,2014.0,True
OpenAlex,PV_0068_C2,3,2016,2016.0,True
OpenAlex,PV_0068_C2,1,2018,2018.0,True
OpenAlex,PV_0069_P,5,2014,2014.0,True
OpenAlex,PV_0069_P,3,2016,2016.0,True
OpenAlex,PV_0069_P,1,2018,2018.0,True
OpenAlex,PV_0069_C1,5,2014,2014.0,True
OpenAlex,PV_0069_C1,3,2016,2016.0,True
OpenAlex,PV_0069_C1,1,2018,2018.0,True
OpenAlex,PV_0069_C2,5,2014,2014.0,True
OpenAlex,PV_0069_C2,3,2016,2016.0,True
OpenAlex,PV_0069_C2,1,2018,2018.0,True
OpenAlex,PV_0070_P,5,2014,2014.0,True
OpenAlex,PV_0070_P,3,2016,2016.0,True
OpenAlex,PV_0070_P,1,2018,2018.0,True
OpenAlex,PV_0070_C1,5,2014,2014.0,True
OpenAlex,PV_0070_C1,3,2016,2016.0,True
OpenAlex,PV_0070_C1,1,2018,2018.0,True
OpenAlex,PV_0070_C2,5,2014,2014.0,True
OpenAlex,PV_0070_C2,3,2016,2016.0,True
OpenAlex,PV_0070_C2,1,2018,2018.0,True
OpenAlex,PV_0071_P,5,2014,2014.0,True
OpenAlex,PV_0071_P,3,2016,2016.0,True
OpenAlex,PV_0071_P,1,2018,2018.0,True
OpenAlex,PV_0071_C1,5,2014,2014.0,True
OpenAlex,PV_0071_C1,3,2016,2016.0,True
OpenAlex,PV_0071_C1,1,2018,2018.0,True
OpenAlex,PV_0071_C2,5,2014,2014.0,True
OpenAlex,PV_0071_C2,3,2016,2016.0,True
OpenAlex,PV_0071_C2,1,2018,2018.0,True
OpenAlex,PV_0072_P,5,2014,2014.0,True
OpenAlex,PV_0072_P,3,2016,2016.0,True
OpenAlex,PV_0072_P,1,2018,2018.0,True
OpenAlex,PV_0072_C1,5,2014,2014.0,True
OpenAlex,PV_0072_C1,3,2016,2016.0,True
OpenAlex,PV_0072_C1,1,2018,2018.0,True
OpenAlex,PV_0072_C2,5,2014,2014.0,True
OpenAlex,PV_0072_C2,3,2016,2016.0,True
OpenAlex,PV_0072_C2,1,2018,2018.0,True
OpenAlex,PV_0073_P,5,2014,2014.0,True
OpenAlex,PV_0073_P,3,2016,2016.0,True
OpenAlex,PV_0073_P,1,2018,2018.0,True
OpenAlex,PV_0073_C1,5,2014,2014.0,True
OpenAlex,PV_0073_C1,3,2016,2016.0,True
OpenAlex,PV_0073_C1,1,2018,2018.0,True
OpenAlex,PV_0073_C2,5,2014,2014.0,True
OpenAlex,PV_0073_C2,3,2016,2016.0,True
OpenAlex,PV_0073_C2,1,2018,2018.0,True
OpenAlex,PV_0074_P,5,2014,2014.0,True
OpenAlex,PV_0074_P,3,2016,2016.0,True
OpenAlex,PV_0074_P,1,2018,2018.0,True
OpenAlex,PV_0074_C1,5,2014,2014.0,True
OpenAlex,PV_0074_C1,3,2016,2016.0,True
OpenAlex,PV_0074_C1,1,2018,2018.0,True
OpenAlex,PV_0074_C2,5,2014,2014.0,True
OpenAlex,PV_0074_C2,3,2016,2016.0,True
OpenAlex,PV_0074_C2,1,2018,2018.0,True
OpenAlex,PV_0075_P,5,2014,2014.0,True
OpenAlex,PV_0075_P,3,2016,2016.0,True
OpenAlex,PV_0075_P,1,2018,2018.0,True
OpenAlex,PV_0075_C1,5,2014,2014.0,True
OpenAlex,PV_0075_C1,3,2016,2016.0,True
OpenAlex,PV_0075_C1,1,2018,2018.0,True
OpenAlex,PV_0075_C2,5,2014,2014.0,True
OpenAlex,PV_0075_C2,3,2016,2016.0,True
OpenAlex,PV_0075_C2,1,2018,2018.0,True
OpenAlex,PV_0076_P,5,2014,2014.0,True
OpenAlex,PV_0076_P,3,2016,2016.0,True
OpenAlex,PV_0076_P,1,2018,2018.0,True
OpenAlex,PV_0076_C1,5,2014,2014.0,True
OpenAlex,PV_0076_C1,3,2016,2016.0,True
OpenAlex,PV_0076_C1,1,2018,2018.0,True
OpenAlex,PV_0076_C2,5,2014,2014.0,True
OpenAlex,PV_0076_C2,3,2016,2016.0,True
OpenAlex,PV_0076_C2,1,2018,2018.0,True
OpenAlex,PV_0077_P,5,2014,2014.0,True
OpenAlex,PV_0077_P,3,2016,2016.0,True
OpenAlex,PV_0077_P,1,2018,2018.0,True
OpenAlex,PV_0077_C1,5,2014,2014.0,True
OpenAlex,PV_0077_C1,3,2016,2016.0,True
OpenAlex,PV_0077_C1,1,2018,2018.0,True
OpenAlex,PV_0077_C2,5,2014,2014.0,True
OpenAlex,PV_0077_C2,3,2016,2016.0,True
OpenAlex,PV_0077_C2,1,2018,2018.0,True
OpenAlex,PV_0078_P,5,2014,2014.0,True
OpenAlex,PV_0078_P,3,2016,2016.0,True
OpenAlex,PV_0078_P,1,2018,2018.0,True
OpenAlex,PV_0078_C1,5,2014,2014.0,True
OpenAlex,PV_0078_C1,3,2016,2016.0,True
OpenAlex,PV_0078_C1,1,2018,2018.0,True
OpenAlex,PV_0078_C2,5,2014,2014.0,True
OpenAlex,PV_0078_C2,3,2016,2016.0,True
OpenAlex,PV_0078_C2,1,2018,2018.0,True
OpenAlex,PV_0079_P,5,2014,2014.0,True
OpenAlex,PV_0079_P,3,2016,2016.0,True
OpenAlex,PV_0079_P,1,2018,2018.0,True
OpenAlex,PV_0079_C1,5,2014,2014.0,True
OpenAlex,PV_0079_C1,3,2016,2016.0,True
OpenAlex,PV_0079_C1,1,2018,2018.0,True
OpenAlex,PV_0079_C2,5,2014,2014.0,True
OpenAlex,PV_0079_C2,3,2016,2016.0,True
OpenAlex,PV_0079_C2,1,2018,2018.0,True
OpenAlex,PV_0080_P,5,2014,2014.0,True
OpenAlex,PV_0080_P,3,2016,2016.0,True
OpenAlex,PV_0080_P,1,2018,2018.0,True
OpenAlex,PV_0080_C1,5,2014,2014.0,True
OpenAlex,PV_0080_C1,3,2016,2016.0,True
OpenAlex,PV_0080_C1,1,2018,2018.0,True
OpenAlex,PV_0080_C2,5,2014,2014.0,True
OpenAlex,PV_0080_C2,3,2016,2016.0,True
OpenAlex,PV_0080_C2,1,2018,2018.0,True
OpenAlex,PV_0081_P,5,2014,2014.0,True
OpenAlex,PV_0081_P,3,2016,2016.0,True
OpenAlex,PV_0081_P,1,2018,2018.0,True
OpenAlex,PV_0081_C1,5,2014,2014.0,True
OpenAlex,PV_0081_C1,3,2016,2016.0,True
OpenAlex,PV_0081_C1,1,2018,2018.0,True
OpenAlex,PV_0081_C2,5,2014,2014.0,True
OpenAlex,PV_0081_C2,3,2016,2016.0,True
OpenAlex,PV_0081_C2,1,2018,2018.0,True
OpenAlex,PV_0082_P,5,2014,2014.0,True
OpenAlex,PV_0082_P,3,2016,2016.0,True
OpenAlex,PV_0082_P,1,2018,2018.0,True
OpenAlex,PV_0082_C1,5,2014,2014.0,True
OpenAlex,PV_0082_C1,3,2016,2016.0,True
OpenAlex,PV_0082_C1,1,2018,2018.0,True
OpenAlex,PV_0082_C2,5,2014,2014.0,True
OpenAlex,PV_0082_C2,3,2016,2016.0,True
OpenAlex,PV_0082_C2,1,2018,2018.0,True
OpenAlex,PV_0083_P,5,2014,2014.0,True
OpenAlex,PV_0083_P,3,2016,2016.0,True
OpenAlex,PV_0083_P,1,2018,2018.0,True
OpenAlex,PV_0083_C1,5,2014,2014.0,True
OpenAlex,PV_0083_C1,3,2016,2016.0,True
OpenAlex,PV_0083_C1,1,2018,2018.0,True
OpenAlex,PV_0083_C2,5,2014,2014.0,True
OpenAlex,PV_0083_C2,3,2016,2016.0,True
OpenAlex,PV_0083_C2,1,2018,2018.0,True
OpenAlex,PV_0084_P,5,2014,2014.0,True
OpenAlex,PV_0084_P,3,2016,2016.0,True
OpenAlex,PV_0084_P,1,2018,2018.0,True
OpenAlex,PV_0084_C1,5,2014,2014.0,True
OpenAlex,PV_0084_C1,3,2016,2016.0,True
OpenAlex,PV_0084_C1,1,2018,2018.0,True
OpenAlex,PV_0084_C2,5,2014,2014.0,True
OpenAlex,PV_0084_C2,3,2016,2016.0,True
OpenAlex,PV_0084_C2,1,2018,2018.0,True
OpenAlex,PV_0085_P,5,2014,2014.0,True
OpenAlex,PV_0085_P,3,2016,2016.0,True
OpenAlex,PV_0085_P,1,2018,2018.0,True
OpenAlex,PV_0085_C1,5,2014,2014.0,True
OpenAlex,PV_0085_C1,3,2016,2016.0,True
OpenAlex,PV_0085_C1,1,2018,2018.0,True
OpenAlex,PV_0085_C2,5,2014,2014.0,True
OpenAlex,PV_0085_C2,3,2016,2016.0,True
OpenAlex,PV_0085_C2,1,2018,2018.0,True
OpenAlex,PV_0086_P,5,2014,2014.0,True
OpenAlex,PV_0086_P,3,2016,2016.0,True
OpenAlex,PV_0086_P,1,2018,2018.0,True
OpenAlex,PV_0086_C1,5,2014,2014.0,True
OpenAlex,PV_0086_C1,3,2016,2016.0,True
OpenAlex,PV_0086_C1,1,2018,2018.0,True
OpenAlex,PV_0086_C2,5,2014,2014.0,True
OpenAlex,PV_0086_C2,3,2016,2016.0,True
OpenAlex,PV_0086_C2,1,2018,2018.0,True
OpenAlex,PV_0087_P,5,2014,2014.0,True
OpenAlex,PV_0087_P,3,2016,2016.0,True
OpenAlex,PV_0087_P,1,2018,2018.0,True
OpenAlex,PV_0087_C1,5,2014,2014.0,True
OpenAlex,PV_0087_C1,3,2016,2016.0,True
OpenAlex,PV_0087_C1,1,2018,2018.0,True
OpenAlex,PV_0087_C2,5,2014,2014.0,True
OpenAlex,PV_0087_C2,3,2016,2016.0,True
OpenAlex,PV_0087_C2,1,2018,2018.0,True
OpenAlex,PV_0088_P,5,2014,2014.0,True
OpenAlex,PV_0088_P,3,2016,2016.0,True
OpenAlex,PV_0088_P,1,2018,2018.0,True
OpenAlex,PV_0088_C1,5,2014,2014.0,True
OpenAlex,PV_0088_C1,3,2016,2016.0,True
OpenAlex,PV_0088_C1,1,2018,2018.0,True
OpenAlex,PV_0088_C2,5,2014,2014.0,True
OpenAlex,PV_0088_C2,3,2016,2016.0,True
OpenAlex,PV_0088_C2,1,2018,2018.0,True
OpenAlex,PV_0089_P,5,2014,2014.0,True
OpenAlex,PV_0089_P,3,2016,2016.0,True
OpenAlex,PV_0089_P,1,2018,2018.0,True
OpenAlex,PV_0089_C1,5,2014,2014.0,True
OpenAlex,PV_0089_C1,3,2016,2016.0,True
OpenAlex,PV_0089_C1,1,2018,2018.0,True
OpenAlex,PV_0089_C2,5,2014,2014.0,True
OpenAlex,PV_0089_C2,3,2016,2016.0,True
OpenAlex,PV_0089_C2,1,2018,2018.0,True
OpenAlex,PV_0090_P,5,2014,2014.0,True
OpenAlex,PV_0090_P,3,2016,2016.0,True
OpenAlex,PV_0090_P,1,2018,2018.0,True
OpenAlex,PV_0090_C1,5,2014,2014.0,True
OpenAlex,PV_0090_C1,3,2016,2016.0,True
OpenAlex,PV_0090_C1,1,2018,2018.0,True
OpenAlex,PV_0090_C2,5,2014,2014.0,True
OpenAlex,PV_0090_C2,3,2016,2016.0,True
OpenAlex,PV_0090_C2,1,2018,2018.0,True
OpenAlex,PV_0091_P,5,2014,2014.0,True
OpenAlex,PV_0091_P,3,2016,2016.0,True
OpenAlex,PV_0091_P,1,2018,2018.0,True
OpenAlex,PV_0091_C1,5,2014,2014.0,True
OpenAlex,PV_0091_C1,3,2016,2016.0,True
OpenAlex,PV_0091_C1,1,2018,2018.0,True
OpenAlex,PV_0091_C2,5,2014,2014.0,True
OpenAlex,PV_0091_C2,3,2016,2016.0,True
OpenAlex,PV_0091_C2,1,2018,2018.0,True
OpenAlex,PV_0092_P,5,2014,2014.0,True
OpenAlex,PV_0092_P,3,2016,2016.0,True
OpenAlex,PV_0092_P,1,2018,2018.0,True
OpenAlex,PV_0092_C1,5,2014,2014.0,True
OpenAlex,PV_0092_C1,3,2016,2016.0,True
OpenAlex,PV_0092_C1,1,2018,2018.0,True
OpenAlex,PV_0092_C2,5,2014,2014.0,True
OpenAlex,PV_0092_C2,3,2016,2016.0,True
OpenAlex,PV_0092_C2,1,2018,2018.0,True
OpenAlex,PV_0093_P,5,2014,2014.0,True
OpenAlex,PV_0093_P,3,2016,2016.0,True
OpenAlex,PV_0093_P,1,2018,2018.0,True
OpenAlex,PV_0093_C1,5,2014,2014.0,True
OpenAlex,PV_0093_C1,3,2016,2016.0,True
OpenAlex,PV_0093_C1,1,2018,2018.0,True
OpenAlex,PV_0093_C2,5,2014,2014.0,True
OpenAlex,PV_0093_C2,3,2016,2016.0,True
OpenAlex,PV_0093_C2,1,2018,2018.0,True
OpenAlex,PV_0094_P,5,2014,2014.0,True
OpenAlex,PV_0094_P,3,2016,2016.0,True
OpenAlex,PV_0094_P,1,2018,2018.0,True
OpenAlex,PV_0094_C1,5,2014,2014.0,True
OpenAlex,PV_0094_C1,3,2016,2016.0,True
OpenAlex,PV_0094_C1,1,2018,2018.0,True
OpenAlex,PV_0094_C2,5,2014,2014.0,True
OpenAlex,PV_0094_C2,3,2016,2016.0,True
OpenAlex,PV_0094_C2,1,2018,2018.0,True
OpenAlex,PV_0095_P,5,2014,2014.0,True
OpenAlex,PV_0095_P,3,2016,2016.0,True
OpenAlex,PV_0095_P,1,2018,2018.0,True
OpenAlex,PV_0095_C1,5,2014,2014.0,True
OpenAlex,PV_0095_C1,3,2016,2016.0,True
OpenAlex,PV_0095_C1,1,2018,2018.0,True
OpenAlex,PV_0095_C2,5,2014,2014.0,True
OpenAlex,PV_0095_C2,3,2016,2016.0,True
OpenAlex,PV_0095_C2,1,2018,2018.0,True
OpenAlex,PV_0096_P,5,2014,2014.0,True
OpenAlex,PV_0096_P,3,2016,2016.0,True
OpenAlex,PV_0096_P,1,2018,2018.0,True
OpenAlex,PV_0096_C1,5,2014,2014.0,True
OpenAlex,PV_0096_C1,3,2016,2016.0,True
OpenAlex,PV_0096_C1,1,2018,2018.0,True
OpenAlex,PV_0096_C2,5,2014,2014.0,True
OpenAlex,PV_0096_C2,3,2016,2016.0,True
OpenAlex,PV_0096_C2,1,2018,2018.0,True
OpenAlex,PV_0097_P,5,2014,2014.0,True
OpenAlex,PV_0097_P,3,2016,2016.0,True
OpenAlex,PV_0097_P,1,2018,2018.0,True
OpenAlex,PV_0097_C1,5,2014,2014.0,True
OpenAlex,PV_0097_C1,3,2016,2016.0,True
OpenAlex,PV_0097_C1,1,2018,2018.0,True
OpenAlex,PV_0097_C2,5,2014,2014.0,True
OpenAlex,PV_0097_C2,3,2016,2016.0,True
OpenAlex,PV_0097_C2,1,2018,2018.0,True
OpenAlex,PV_0098_P,5,2014,2014.0,True
OpenAlex,PV_0098_P,3,2016,2016.0,True
OpenAlex,PV_0098_P,1,2018,2018.0,True
OpenAlex,PV_0098_C1,5,2014,2014.0,True
OpenAlex,PV_0098_C1,3,2016,2016.0,True
OpenAlex,PV_0098_C1,1,2018,2018.0,True
OpenAlex,PV_0098_C2,5,2014,2014.0,True
OpenAlex,PV_0098_C2,3,2016,2016.0,True
OpenAlex,PV_0098_C2,1,2018,2018.0,True
OpenAlex,PV_0099_P,5,2014,2014.0,True
OpenAlex,PV_0099_P,3,2016,2016.0,True
OpenAlex,PV_0099_P,1,2018,2018.0,True
OpenAlex,PV_0099_C1,5,2014,2014.0,True
OpenAlex,PV_0099_C1,3,2016,2016.0,True
OpenAlex,PV_0099_C1,1,2018,2018.0,True
OpenAlex,PV_0099_C2,5,2014,2014.0,True
OpenAlex,PV_0099_C2,3,2016,2016.0,True
OpenAlex,PV_0099_C2,1,2018,2018.0,True
OpenAlex,PV_0100_P,5,2014,2014.0,True
OpenAlex,PV_0100_P,3,2016,2016.0,True
OpenAlex,PV_0100_P,1,2018,2018.0,True
OpenAlex,PV_0100_C1,5,2014,2014.0,True
OpenAlex,PV_0100_C1,3,2016,2016.0,True
OpenAlex,PV_0100_C1,1,2018,2018.0,True
OpenAlex,PV_0100_C2,5,2014,2014.0,True
OpenAlex,PV_0100_C2,3,2016,2016.0,True
OpenAlex,PV_0100_C2,1,2018,2018.0,True
OpenAlex,PV_0101_P,5,2014,2014.0,True
OpenAlex,PV_0101_P,3,2016,2016.0,True
OpenAlex,PV_0101_P,1,2018,2018.0,True
OpenAlex,PV_0101_C1,5,2014,2014.0,True
OpenAlex,PV_0101_C1,3,2016,2016.0,True
OpenAlex,PV_0101_C1,1,2018,2018.0,True
OpenAlex,PV_0101_C2,5,2014,2014.0,True
OpenAlex,PV_0101_C2,3,2016,2016.0,True
OpenAlex,PV_0101_C2,1,2018,2018.0,True
OpenAlex,PV_0102_P,5,2014,2014.0,True
OpenAlex,PV_0102_P,3,2016,2016.0,True
OpenAlex,PV_0102_P,1,2018,2018.0,True
OpenAlex,PV_0102_C1,5,2014,2014.0,True
OpenAlex,PV_0102_C1,3,2016,2016.0,True
OpenAlex,PV_0102_C1,1,2018,2018.0,True
OpenAlex,PV_0102_C2,5,2014,2014.0,True
OpenAlex,PV_0102_C2,3,2016,2016.0,True
OpenAlex,PV_0102_C2,1,2018,2018.0,True
OpenAlex,PV_0103_P,5,2014,2014.0,True
OpenAlex,PV_0103_P,3,2016,2016.0,True
OpenAlex,PV_0103_P,1,2018,2018.0,True
OpenAlex,PV_0103_C1,5,2014,2014.0,True
OpenAlex,PV_0103_C1,3,2016,2016.0,True
OpenAlex,PV_0103_C1,1,2018,2018.0,True
OpenAlex,PV_0103_C2,5,2014,2014.0,True
OpenAlex,PV_0103_C2,3,2016,2016.0,True
OpenAlex,PV_0103_C2,1,2018,2018.0,True
OpenAlex,PV_0104_P,5,2014,2014.0,True
OpenAlex,PV_0104_P,3,2016,2016.0,True
OpenAlex,PV_0104_P,1,2018,2018.0,True
OpenAlex,PV_0104_C1,5,2014,2014.0,True
OpenAlex,PV_0104_C1,3,2016,2016.0,True
OpenAlex,PV_0104_C1,1,2018,2018.0,True
OpenAlex,PV_0104_C2,5,2014,2014.0,True
OpenAlex,PV_0104_C2,3,2016,2016.0,True
OpenAlex,PV_0104_C2,1,2018,2018.0,True
OpenAlex,PV_0105_P,5,2014,2014.0,True
OpenAlex,PV_0105_P,3,2016,2016.0,True
OpenAlex,PV_0105_P,1,2018,2018.0,True
OpenAlex,PV_0105_C1,5,2014,2014.0,True
OpenAlex,PV_0105_C1,3,2016,2016.0,True
OpenAlex,PV_0105_C1,1,2018,2018.0,True
OpenAlex,PV_0105_C2,5,2014,2014.0,True
OpenAlex,PV_0105_C2,3,2016,2016.0,True
OpenAlex,PV_0105_C2,1,2018,2018.0,True
OpenAlex,PV_0106_P,5,2014,2014.0,True
OpenAlex,PV_0106_P,3,2016,2016.0,True
OpenAlex,PV_0106_P,1,2018,2018.0,True
OpenAlex,PV_0106_C1,5,2014,2014.0,True
OpenAlex,PV_0106_C1,3,2016,2016.0,True
OpenAlex,PV_0106_C1,1,2018,2018.0,True
OpenAlex,PV_0106_C2,5,2014,2014.0,True
OpenAlex,PV_0106_C2,3,2016,2016.0,True
OpenAlex,PV_0106_C2,1,2018,2018.0,True
OpenAlex,PV_0107_P,5,2014,2014.0,True
OpenAlex,PV_0107_P,3,2016,2016.0,True
OpenAlex,PV_0107_P,1,2018,2018.0,True
OpenAlex,PV_0107_C1,5,2014,2014.0,True
OpenAlex,PV_0107_C1,3,2016,2016.0,True
OpenAlex,PV_0107_C1,1,2018,2018.0,True
OpenAlex,PV_0107_C2,5,2014,2014.0,True
OpenAlex,PV_0107_C2,3,2016,2016.0,True
OpenAlex,PV_0107_C2,1,2018,2018.0,True
OpenAlex,PV_0108_P,5,2014,2014.0,True
OpenAlex,PV_0108_P,3,2016,2016.0,True
OpenAlex,PV_0108_P,1,2018,2018.0,True
OpenAlex,PV_0108_C1,5,2014,2014.0,True
OpenAlex,PV_0108_C1,3,2016,2016.0,True
OpenAlex,PV_0108_C1,1,2018,2018.0,True
OpenAlex,PV_0108_C2,5,2014,2014.0,True
OpenAlex,PV_0108_C2,3,2016,2016.0,True
OpenAlex,PV_0108_C2,1,2018,2018.0,True
OpenAlex,PV_0109_P,5,2014,2014.0,True
OpenAlex,PV_0109_P,3,2016,2016.0,True
OpenAlex,PV_0109_P,1,2018,2018.0,True
OpenAlex,PV_0109_C1,5,2014,2014.0,True
OpenAlex,PV_0109_C1,3,2016,2016.0,True
OpenAlex,PV_0109_C1,1,2018,2018.0,True
OpenAlex,PV_0109_C2,5,2014,2014.0,True
OpenAlex,PV_0109_C2,3,2016,2016.0,True
OpenAlex,PV_0109_C2,1,2018,2018.0,True
OpenAlex,PV_0110_P,5,2014,2014.0,True
OpenAlex,PV_0110_P,3,2016,2016.0,True
OpenAlex,PV_0110_P,1,2018,2018.0,True
OpenAlex,PV_0110_C1,5,2014,2014.0,True
OpenAlex,PV_0110_C1,3,2016,2016.0,True
OpenAlex,PV_0110_C1,1,2018,2018.0,True
OpenAlex,PV_0110_C2,5,2014,2014.0,True
OpenAlex,PV_0110_C2,3,2016,2016.0,True
OpenAlex,PV_0110_C2,1,2018,2018.0,True
OpenAlex,PV_0111_P,5,2014,2014.0,True
OpenAlex,PV_0111_P,3,2016,2016.0,True
OpenAlex,PV_0111_P,1,2018,2018.0,True
OpenAlex,PV_0111_C1,5,2014,2014.0,True
OpenAlex,PV_0111_C1,3,2016,2016.0,True
OpenAlex,PV_0111_C1,1,2018,2018.0,True
OpenAlex,PV_0111_C2,5,2014,2014.0,True
OpenAlex,PV_0111_C2,3,2016,2016.0,True
OpenAlex,PV_0111_C2,1,2018,2018.0,True
OpenAlex,PV_0112_P,5,2014,2014.0,True
OpenAlex,PV_0112_P,3,2016,2016.0,True
OpenAlex,PV_0112_P,1,2018,2018.0,True
OpenAlex,PV_0112_C1,5,2014,2014.0,True
OpenAlex,PV_0112_C1,3,2016,2016.0,True
OpenAlex,PV_0112_C1,1,2018,2018.0,True
OpenAlex,PV_0112_C2,5,2014,2014.0,True
OpenAlex,PV_0112_C2,3,2016,2016.0,True
OpenAlex,PV_0112_C2,1,2018,2018.0,True
OpenAlex,PV_0113_P,5,2014,2014.0,True
OpenAlex,PV_0113_P,3,2016,2016.0,True
OpenAlex,PV_0113_P,1,2018,2018.0,True
OpenAlex,PV_0113_C1,5,2014,2014.0,True
OpenAlex,PV_0113_C1,3,2016,2016.0,True
OpenAlex,PV_0113_C1,1,2018,2018.0,True
OpenAlex,PV_0113_C2,5,2014,2014.0,True
OpenAlex,PV_0113_C2,3,2016,2016.0,True
OpenAlex,PV_0113_C2,1,2018,2018.0,True
OpenAlex,PV_0114_P,5,2014,2014.0,True
OpenAlex,PV_0114_P,3,2016,2016.0,True
OpenAlex,PV_0114_P,1,2018,2018.0,True
OpenAlex,PV_0114_C1,5,2014,2014.0,True
OpenAlex,PV_0114_C1,3,2016,2016.0,True
OpenAlex,PV_0114_C1,1,2018,2018.0,True
OpenAlex,PV_0114_C2,5,2014,2014.0,True
OpenAlex,PV_0114_C2,3,2016,2016.0,True
OpenAlex,PV_0114_C2,1,2018,2018.0,True
OpenAlex,PV_0115_P,5,2014,2014.0,True
OpenAlex,PV_0115_P,3,2016,2016.0,True
OpenAlex,PV_0115_P,1,2018,2018.0,True
OpenAlex,PV_0115_C1,5,2014,2014.0,True
OpenAlex,PV_0115_C1,3,2016,2016.0,True
OpenAlex,PV_0115_C1,1,2018,2018.0,True
OpenAlex,PV_0115_C2,5,2014,2014.0,True
OpenAlex,PV_0115_C2,3,2016,2016.0,True
OpenAlex,PV_0115_C2,1,2018,2018.0,True
OpenAlex,PV_0116_P,5,2014,2014.0,True
OpenAlex,PV_0116_P,3,2016,2016.0,True
OpenAlex,PV_0116_P,1,2018,2018.0,True
OpenAlex,PV_0116_C1,5,2014,2014.0,True
OpenAlex,PV_0116_C1,3,2016,2016.0,True
OpenAlex,PV_0116_C1,1,2018,2018.0,True
OpenAlex,PV_0116_C2,5,2014,2014.0,True
OpenAlex,PV_0116_C2,3,2016,2016.0,True
OpenAlex,PV_0116_C2,1,2018,2018.0,True
OpenAlex,PV_0117_P,5,2014,2014.0,True
OpenAlex,PV_0117_P,3,2016,2016.0,True
OpenAlex,PV_0117_P,1,2018,2018.0,True
OpenAlex,PV_0117_C1,5,2014,2014.0,True
OpenAlex,PV_0117_C1,3,2016,2016.0,True
OpenAlex,PV_0117_C1,1,2018,2018.0,True
OpenAlex,PV_0117_C2,5,2014,2014.0,True
OpenAlex,PV_0117_C2,3,2016,2016.0,True
OpenAlex,PV_0117_C2,1,2018,2018.0,True
OpenAlex,PV_0118_P,5,2014,2014.0,True
OpenAlex,PV_0118_P,3,2016,2016.0,True
OpenAlex,PV_0118_P,1,2018,2018.0,True
OpenAlex,PV_0118_C1,5,2014,2014.0,True
OpenAlex,PV_0118_C1,3,2016,2016.0,True
OpenAlex,PV_0118_C1,1,2018,2018.0,True
OpenAlex,PV_0118_C2,5,2014,2014.0,True
OpenAlex,PV_0118_C2,3,2016,2016.0,True
OpenAlex,PV_0118_C2,1,2018,2018.0,True
OpenAlex,PV_0119_P,5,2014,2014.0,True
OpenAlex,PV_0119_P,3,2016,2016.0,True
OpenAlex,PV_0119_P,1,2018,2018.0,True
OpenAlex,PV_0119_C1,5,2014,2014.0,True
OpenAlex,PV_0119_C1,3,2016,2016.0,True
OpenAlex,PV_0119_C1,1,2018,2018.0,True
OpenAlex,PV_0119_C2,5,2014,2014.0,True
OpenAlex,PV_0119_C2,3,2016,2016.0,True
OpenAlex,PV_0119_C2,1,2018,2018.0,True
PubMed,PV_0001_P,5,2014,,True
PubMed,PV_0001_P,3,2016,,True
PubMed,PV_0001_P,1,2018,2018.0,True
PubMed,PV_0001_C1,5,2014,,True
PubMed,PV_0001_C1,3,2016,2016.0,True
PubMed,PV_0001_C1,1,2018,2017.0,True
PubMed,PV_0001_C2,5,2014,2014.0,True
PubMed,PV_0001_C2,3,2016,2016.0,True
PubMed,PV_0001_C2,1,2018,2018.0,True
PubMed,PV_0003_C1,5,2014,,True
PubMed,PV_0003_C1,3,2016,,True
PubMed,PV_0003_C1,1,2018,,True
PubMed,PV_0003_C2,5,2014,2012.0,True
PubMed,PV_0003_C2,3,2016,2016.0,True
PubMed,PV_0003_C2,1,2018,2016.0,True
PubMed,PV_0006_P,5,2014,,True
PubMed,PV_0006_P,3,2016,,True
PubMed,PV_0006_P,1,2018,2018.0,True
PubMed,PV_0006_C1,5,2014,,True
PubMed,PV_0006_C1,3,2016,,True
PubMed,PV_0006_C1,1,2018,,True
PubMed,PV_0006_C2,5,2014,,True
PubMed,PV_0006_C2,3,2016,,True
PubMed,PV_0006_C2,1,2018,2018.0,True
PubMed,PV_0009_P,5,2014,2014.0,True
PubMed,PV_0009_P,3,2016,2016.0,True
PubMed,PV_0009_P,1,2018,2018.0,True
PubMed,PV_0009_C1,5,2014,2012.0,True
PubMed,PV_0009_C1,3,2016,2012.0,True
PubMed,PV_0009_C1,1,2018,2012.0,True
PubMed,PV_0009_C2,5,2014,,True
PubMed,PV_0009_C2,3,2016,,True
PubMed,PV_0009_C2,1,2018,2018.0,True
PubMed,PV_0012_P,5,2014,,True
PubMed,PV_0012_P,3,2016,2016.0,True
PubMed,PV_0012_P,1,2018,2018.0,True
PubMed,PV_0012_C1,5,2014,,True
PubMed,PV_0012_C1,3,2016,,True
PubMed,PV_0012_C1,1,2018,2018.0,True
PubMed,PV_0012_C2,5,2014,2014.0,True
PubMed,PV_0012_C2,3,2016,2016.0,True
PubMed,PV_0012_C2,1,2018,2018.0,True
PubMed,PV_0015_P,5,2014,,True
PubMed,PV_0015_P,3,2016,,True
PubMed,PV_0015_P,1,2018,2018.0,True
PubMed,PV_0015_C1,5,2014,,True
PubMed,PV_0015_C1,3,2016,,True
PubMed,PV_0015_C1,1,2018,2018.0,True
PubMed,PV_0015_C2,5,2014,,True
PubMed,PV_0015_C2,3,2016,,True
PubMed,PV_0015_C2,1,2018,,True
PubMed,PV_0018_P,5,2014,,True
PubMed,PV_0018_P,3,2016,,True
PubMed,PV_0018_P,1,2018,2018.0,True
PubMed,PV_0018_C1,5,2014,2014.0,True
PubMed,PV_0018_C1,3,2016,2016.0,True
PubMed,PV_0018_C1,1,2018,2018.0,True
PubMed,PV_0018_C2,5,2014,2014.0,True
PubMed,PV_0018_C2,3,2016,2016.0,True
PubMed,PV_0018_C2,1,2018,2018.0,True
PubMed,PV_0023_P,5,2014,,True
PubMed,PV_0023_P,3,2016,2016.0,True
PubMed,PV_0023_P,1,2018,2018.0,True
PubMed,PV_0023_C1,5,2014,,True
PubMed,PV_0023_C1,3,2016,,True
PubMed,PV_0023_C1,1,2018,2018.0,True
PubMed,PV_0023_C2,5,2014,,True
PubMed,PV_0023_C2,3,2016,,True
PubMed,PV_0023_C2,1,2018,2018.0,True
PubMed,PV_0024_P,5,2014,,True
PubMed,PV_0024_P,3,2016,,True
PubMed,PV_0024_P,1,2018,,True
PubMed,PV_0024_C1,5,2014,,True
PubMed,PV_0024_C1,3,2016,,True
PubMed,PV_0024_C1,1,2018,2018.0,True
PubMed,PV_0024_C2,5,2014,2014.0,True
PubMed,PV_0024_C2,3,2016,2016.0,True
PubMed,PV_0024_C2,1,2018,2018.0,True
PubMed,PV_0028_P,5,2014,,True
PubMed,PV_0028_P,3,2016,,True
PubMed,PV_0028_P,1,2018,2018.0,True
PubMed,PV_0028_C1,5,2014,2014.0,True
PubMed,PV_0028_C1,3,2016,2016.0,True
PubMed,PV_0028_C1,1,2018,2018.0,True
PubMed,PV_0028_C2,5,2014,,True
PubMed,PV_0028_C2,3,2016,,True
PubMed,PV_0028_C2,1,2018,,True
PubMed,PV_0030_P,5,2014,2014.0,True
PubMed,PV_0030_P,3,2016,2016.0,True
PubMed,PV_0030_P,1,2018,2018.0,True
PubMed,PV_0030_C1,5,2014,2013.0,True
PubMed,PV_0030_C1,3,2016,2016.0,True
PubMed,PV_0030_C1,1,2018,2018.0,True
PubMed,PV_0030_C2,5,2014,2014.0,True
PubMed,PV_0030_C2,3,2016,2016.0,True
PubMed,PV_0030_C2,1,2018,2018.0,True
PubMed,PV_0033_P,5,2014,,True
PubMed,PV_0033_P,3,2016,,True
PubMed,PV_0033_P,1,2018,,True
PubMed,PV_0033_C1,5,2014,,True
PubMed,PV_0033_C1,3,2016,,True
PubMed,PV_0033_C1,1,2018,2018.0,True
PubMed,PV_0033_C2,5,2014,2011.0,True
PubMed,PV_0033_C2,3,2016,2016.0,True
PubMed,PV_0033_C2,1,2018,2018.0,True
PubMed,PV_0036_P,5,2014,2010.0,True
PubMed,PV_0036_P,3,2016,2010.0,True
PubMed,PV_0036_P,1,2018,2017.0,True
PubMed,PV_0036_C1,5,2014,2014.0,True
PubMed,PV_0036_C1,3,2016,2016.0,True
PubMed,PV_0036_C1,1,2018,2018.0,True
PubMed,PV_0036_C2,5,2014,,True
PubMed,PV_0036_C2,3,2016,2016.0,True
PubMed,PV_0036_C2,1,2018,2018.0,True
PubMed,PV_0039_P,5,2014,,True
PubMed,PV_0039_P,3,2016,,True
PubMed,PV_0039_P,1,2018,2018.0,True
PubMed,PV_0039_C1,5,2014,,True
PubMed,PV_0039_C1,3,2016,,True
PubMed,PV_0039_C1,1,2018,,True
PubMed,PV_0039_C2,5,2014,,True
PubMed,PV_0039_C2,3,2016,,True
PubMed,PV_0039_C2,1,2018,,True
PubMed,PV_0044_P,5,2014,,True
PubMed,PV_0044_P,3,2016,,True
PubMed,PV_0044_P,1,2018,2018.0,True
PubMed,PV_0044_C1,5,2014,2014.0,True
PubMed,PV_0044_C1,3,2016,2016.0,True
PubMed,PV_0044_C1,1,2018,2018.0,True
PubMed,PV_0044_C2,5,2014,,True
PubMed,PV_0044_C2,3,2016,,True
PubMed,PV_0044_C2,1,2018,,True
PubMed,PV_0045_P,5,2014,,True
PubMed,PV_0045_P,3,2016,,True
PubMed,PV_0045_P,1,2018,,True
PubMed,PV_0045_C1,5,2014,,True
PubMed,PV_0045_C1,3,2016,,True
PubMed,PV_0045_C1,1,2018,,True
PubMed,PV_0045_C2,5,2014,,True
PubMed,PV_0045_C2,3,2016,,True
PubMed,PV_0045_C2,1,2018,2018.0,True
PubMed,PV_0049_P,5,2014,,True
PubMed,PV_0049_P,3,2016,,True
PubMed,PV_0049_P,1,2018,2017.0,True
PubMed,PV_0049_C1,5,2014,,True
PubMed,PV_0049_C1,3,2016,,True
PubMed,PV_0049_C1,1,2018,2018.0,True
PubMed,PV_0049_C2,5,2014,,True
PubMed,PV_0049_C2,3,2016,,True
PubMed,PV_0049_C2,1,2018,,True
PubMed,PV_0051_P,5,2014,,True
PubMed,PV_0051_P,3,2016,2016.0,True
PubMed,PV_0051_P,1,2018,2018.0,True
PubMed,PV_0051_C1,5,2014,2014.0,True
PubMed,PV_0051_C1,3,2016,2014.0,True
PubMed,PV_0051_C1,1,2018,2018.0,True
PubMed,PV_0051_C2,5,2014,2014.0,True
PubMed,PV_0051_C2,3,2016,2016.0,True
PubMed,PV_0051_C2,1,2018,2016.0,True
PubMed,PV_0055_P,5,2014,2014.0,True
PubMed,PV_0055_P,3,2016,2016.0,True
PubMed,PV_0055_P,1,2018,2018.0,True
PubMed,PV_0055_C1,5,2014,,True
PubMed,PV_0055_C1,3,2016,,True
PubMed,PV_0055_C1,1,2018,2018.0,True
PubMed,PV_0055_C2,5,2014,,True
PubMed,PV_0055_C2,3,2016,,True
PubMed,PV_0055_C2,1,2018,2018.0,True
PubMed,PV_0058_P,5,2014,,True
PubMed,PV_0058_P,3,2016,,True
PubMed,PV_0058_P,1,2018,2018.0,True
PubMed,PV_0058_C1,5,2014,2014.0,True
PubMed,PV_0058_C1,3,2016,2016.0,True
PubMed,PV_0058_C1,1,2018,2018.0,True
PubMed,PV_0058_C2,5,2014,,True
PubMed,PV_0058_C2,3,2016,,True
PubMed,PV_0058_C2,1,2018,2018.0,True
PubMed,PV_0060_P,5,2014,2014.0,True
PubMed,PV_0060_P,3,2016,2016.0,True
PubMed,PV_0060_P,1,2018,2018.0,True
PubMed,PV_0060_C1,5,2014,,True
PubMed,PV_0060_C1,3,2016,,True
PubMed,PV_0060_C1,1,2018,2018.0,True
PubMed,PV_0060_C2,5,2014,,True
PubMed,PV_0060_C2,3,2016,,True
PubMed,PV_0060_C2,1,2018,2018.0,True
PubMed,PV_0065_P,5,2014,,True
PubMed,PV_0065_P,3,2016,,True
PubMed,PV_0065_P,1,2018,,True
PubMed,PV_0065_C1,5,2014,,True
PubMed,PV_0065_C1,3,2016,,True
PubMed,PV_0065_C1,1,2018,2018.0,True
PubMed,PV_0065_C2,5,2014,,True
PubMed,PV_0065_C2,3,2016,,True
PubMed,PV_0065_C2,1,2018,,True
PubMed,PV_0066_P,5,2014,,True
PubMed,PV_0066_P,3,2016,,True
PubMed,PV_0066_P,1,2018,2018.0,True
PubMed,PV_0066_C1,5,2014,,True
PubMed,PV_0066_C1,3,2016,,True
PubMed,PV_0066_C1,1,2018,,True
PubMed,PV_0066_C2,5,2014,2014.0,True
PubMed,PV_0066_C2,3,2016,2016.0,True
PubMed,PV_0066_C2,1,2018,2018.0,True
PubMed,PV_0071_P,5,2014,,True
PubMed,PV_0071_P,3,2016,,True
PubMed,PV_0071_P,1,2018,2018.0,True
PubMed,PV_0071_C1,5,2014,2014.0,True
PubMed,PV_0071_C1,3,2016,2016.0,True
PubMed,PV_0071_C1,1,2018,2018.0,True
PubMed,PV_0071_C2,5,2014,,True
PubMed,PV_0071_C2,3,2016,,True
PubMed,PV_0071_C2,1,2018,2018.0,True
PubMed,PV_0072_P,5,2014,,True
PubMed,PV_0072_P,3,2016,,True
PubMed,PV_0072_P,1,2018,2018.0,True
PubMed,PV_0072_C1,5,2014,,True
PubMed,PV_0072_C1,3,2016,2016.0,True
PubMed,PV_0072_C1,1,2018,2018.0,True
PubMed,PV_0072_C2,5,2014,,True
PubMed,PV_0072_C2,3,2016,,True
PubMed,PV_0072_C2,1,2018,2018.0,True
PubMed,PV_0076_P,5,2014,2014.0,True
PubMed,PV_0076_P,3,2016,2015.0,True
PubMed,PV_0076_P,1,2018,2018.0,True
PubMed,PV_0076_C1,5,2014,,True
PubMed,PV_0076_C1,3,2016,,True
PubMed,PV_0076_C1,1,2018,,True
PubMed,PV_0076_C2,5,2014,,True
PubMed,PV_0076_C2,3,2016,,True
PubMed,PV_0076_C2,1,2018,2018.0,True
PubMed,PV_0079_P,5,2014,,True
PubMed,PV_0079_P,3,2016,,True
PubMed,PV_0079_P,1,2018,2018.0,True
PubMed,PV_0079_C1,5,2014,,True
PubMed,PV_0079_C1,3,2016,,True
PubMed,PV_0079_C1,1,2018,2018.0,True
PubMed,PV_0079_C2,5,2014,,True
PubMed,PV_0079_C2,3,2016,,True
PubMed,PV_0079_C2,1,2018,,True
PubMed,PV_0082_P,5,2014,,True
PubMed,PV_0082_P,3,2016,,True
PubMed,PV_0082_P,1,2018,2018.0,True
PubMed,PV_0082_C1,5,2014,2014.0,True
PubMed,PV_0082_C1,3,2016,2016.0,True
PubMed,PV_0082_C1,1,2018,2018.0,True
PubMed,PV_0082_C2,5,2014,2014.0,True
PubMed,PV_0082_C2,3,2016,2016.0,True
PubMed,PV_0082_C2,1,2018,2018.0,True
PubMed,PV_0086_P,5,2014,,True
PubMed,PV_0086_P,3,2016,,True
PubMed,PV_0086_P,1,2018,2018.0,True
PubMed,PV_0086_C1,5,2014,,True
PubMed,PV_0086_C1,3,2016,,True
PubMed,PV_0086_C1,1,2018,,True
PubMed,PV_0086_C2,5,2014,2014.0,True
PubMed,PV_0086_C2,3,2016,2016.0,True
PubMed,PV_0086_C2,1,2018,2018.0,True
PubMed,PV_0087_P,5,2014,,True
PubMed,PV_0087_P,3,2016,,True
PubMed,PV_0087_P,1,2018,2018.0,True
PubMed,PV_0087_C1,5,2014,,True
PubMed,PV_0087_C1,3,2016,,True
PubMed,PV_0087_C1,1,2018,2018.0,True
PubMed,PV_0087_C2,5,2014,,True
PubMed,PV_0087_C2,3,2016,,True
PubMed,PV_0087_C2,1,2018,2018.0,True
PubMed,PV_0092_P,5,2014,,True
PubMed,PV_0092_P,3,2016,2016.0,True
PubMed,PV_0092_P,1,2018,2018.0,True
PubMed,PV_0092_C1,5,2014,,True
PubMed,PV_0092_C1,3,2016,,True
PubMed,PV_0092_C1,1,2018,,True
PubMed,PV_0092_C2,5,2014,,True
PubMed,PV_0092_C2,3,2016,,True
PubMed,PV_0092_C2,1,2018,,True
PubMed,PV_0094_P,5,2014,,True
PubMed,PV_0094_P,3,2016,,True
PubMed,PV_0094_P,1,2018,2018.0,True
PubMed,PV_0094_C1,5,2014,,True
PubMed,PV_0094_C1,3,2016,2016.0,True
PubMed,PV_0094_C1,1,2018,2018.0,True
PubMed,PV_0094_C2,5,2014,,True
PubMed,PV_0094_C2,3,2016,,True
PubMed,PV_0094_C2,1,2018,2018.0,True
PubMed,PV_0097_P,5,2014,,True
PubMed,PV_0097_P,3,2016,,True
PubMed,PV_0097_P,1,2018,2018.0,True
PubMed,PV_0097_C1,5,2014,,True
PubMed,PV_0097_C1,3,2016,,True
PubMed,PV_0097_C1,1,2018,2018.0,True
PubMed,PV_0097_C2,5,2014,,True
PubMed,PV_0097_C2,3,2016,,True
PubMed,PV_0097_C2,1,2018,2018.0,True
PubMed,PV_0100_P,5,2014,,True
PubMed,PV_0100_P,3,2016,2016.0,True
PubMed,PV_0100_P,1,2018,2018.0,True
PubMed,PV_0100_C1,5,2014,,True
PubMed,PV_0100_C1,3,2016,,True
PubMed,PV_0100_C1,1,2018,2018.0,True
PubMed,PV_0100_C2,5,2014,,True
PubMed,PV_0100_C2,3,2016,,True
PubMed,PV_0100_C2,1,2018,2018.0,True
PubMed,PV_0103_P,5,2014,,True
PubMed,PV_0103_P,3,2016,,True
PubMed,PV_0103_P,1,2018,2018.0,True
PubMed,PV_0103_C1,5,2014,,True
PubMed,PV_0103_C1,3,2016,,True
PubMed,PV_0103_C1,1,2018,,True
PubMed,PV_0103_C2,5,2014,,True
PubMed,PV_0103_C2,3,2016,2016.0,True
PubMed,PV_0103_C2,1,2018,2018.0,True
PubMed,PV_0107_P,5,2014,,True
PubMed,PV_0107_P,3,2016,,True
PubMed,PV_0107_P,1,2018,,True
PubMed,PV_0107_C2,5,2014,,True
PubMed,PV_0107_C2,3,2016,,True
PubMed,PV_0107_C2,1,2018,2018.0,True
PubMed,PV_0109_P,5,2014,2014.0,True
PubMed,PV_0109_P,3,2016,2016.0,True
PubMed,PV_0109_P,1,2018,2018.0,True
PubMed,PV_0109_C1,5,2014,,True
PubMed,PV_0109_C1,3,2016,,True
PubMed,PV_0109_C1,1,2018,2018.0,True
PubMed,PV_0109_C2,5,2014,2014.0,True
PubMed,PV_0109_C2,3,2016,2016.0,True
PubMed,PV_0109_C2,1,2018,2018.0,True
PubMed,PV_0113_P,5,2014,2014.0,True
PubMed,PV_0113_P,3,2016,2016.0,True
PubMed,PV_0113_P,1,2018,2018.0,True
PubMed,PV_0113_C1,5,2014,,True
PubMed,PV_0113_C1,3,2016,,True
PubMed,PV_0113_C1,1,2018,2018.0,True
PubMed,PV_0113_C2,5,2014,,True
PubMed,PV_0113_C2,3,2016,,True
PubMed,PV_0113_C2,1,2018,2018.0,True
PubMed,PV_0115_P,5,2014,,True
PubMed,PV_0115_P,3,2016,2016.0,True
PubMed,PV_0115_P,1,2018,2018.0,True
PubMed,PV_0115_C1,5,2014,,True
PubMed,PV_0115_C1,3,2016,,True
PubMed,PV_0115_C1,1,2018,2018.0,True
PubMed,PV_0115_C2,5,2014,,True
PubMed,PV_0115_C2,3,2016,,True
PubMed,PV_0115_C2,1,2018,2018.0,True
PubMed,PV_0119_P,5,2014,,True
PubMed,PV_0119_P,3,2016,,True
PubMed,PV_0119_P,1,2018,2018.0,True
PubMed,PV_0119_C1,5,2014,,True
PubMed,PV_0119_C1,3,2016,,True
PubMed,PV_0119_C1,1,2018,2018.0,True
PubMed,PV_0119_C2,5,2014,,True
PubMed,PV_0119_C2,3,2016,,True
PubMed,PV_0119_C2,1,2018,2018.0,True
