source,cohort,region_id,match_case_id,target,book_realm,window,start_year,end_year,records,status,message
OpenAlex,landmark,crispr,crispr,1,Life,pre,2002,2011,412,OK,
OpenAlex,landmark,crispr,crispr,1,Life,post,2013,2022,600,OK,
OpenAlex,landmark,ips,ips,1,Life,pre,1996,2005,455,OK,
OpenAlex,landmark,ips,ips,1,Life,post,2007,2016,600,OK,
OpenAlex,landmark,mrna,mrna,1,Life,pre,2010,2019,600,OK,
OpenAlex,landmark,mrna,mrna,1,Life,post,2021,2026,600,OK,
OpenAlex,landmark,alphafold2,alphafold2,1,Life,pre,2011,2020,209,OK,
OpenAlex,landmark,alphafold2,alphafold2,1,Life,post,2022,2026,600,OK,
OpenAlex,landmark,singlecell,singlecell,1,Life,pre,1999,2008,600,OK,
OpenAlex,landmark,singlecell,singlecell,1,Life,post,2010,2019,600,OK,
OpenAlex,landmark,rnai,rnai,1,Life,pre,1988,1997,136,OK,
OpenAlex,landmark,rnai,rnai,1,Life,post,1999,2008,600,OK,
OpenAlex,landmark,graphene,graphene,1,Nature,pre,1994,2003,125,OK,
OpenAlex,landmark,graphene,graphene,1,Nature,post,2005,2014,600,OK,
OpenAlex,landmark,transformer,transformer,1,Machines,pre,2007,2016,563,OK,
OpenAlex,landmark,transformer,transformer,1,Machines,post,2018,2026,600,OK,
OpenAlex,landmark,resnet,resnet,1,Machines,pre,2005,2014,600,OK,
OpenAlex,landmark,resnet,resnet,1,Machines,post,2016,2025,600,OK,
OpenAlex,landmark,diffusion,diffusion,1,Machines,pre,2010,2019,350,OK,
OpenAlex,landmark,diffusion,diffusion,1,Machines,post,2021,2026,600,OK,
OpenAlex,landmark,rag,rag,1,Machines,pre,2010,2019,600,OK,
OpenAlex,landmark,rag,rag,1,Machines,post,2021,2026,600,OK,
OpenAlex,landmark,qec,qec,1,Nature,pre,1985,1994,2,OK,
OpenAlex,landmark,qec,qec,1,Nature,post,1996,2005,335,OK,
OpenAlex,landmark,crispr_c1,crispr,0,Life,pre,2002,2011,555,OK,
OpenAlex,landmark,crispr_c1,crispr,0,Life,post,2013,2022,600,OK,
OpenAlex,landmark,crispr_c2,crispr,0,Life,pre,2002,2011,133,OK,
OpenAlex,landmark,crispr_c2,crispr,0,Life,post,2013,2022,596,OK,
OpenAlex,landmark,ips_c1,ips,0,Life,pre,1996,2005,586,OK,
OpenAlex,landmark,ips_c1,ips,0,Life,post,2007,2016,600,OK,
OpenAlex,landmark,ips_c2,ips,0,Life,pre,1996,2005,585,OK,
OpenAlex,landmark,ips_c2,ips,0,Life,post,2007,2016,600,OK,
OpenAlex,landmark,mrna_c1,mrna,0,Life,pre,2010,2019,600,OK,
OpenAlex,landmark,mrna_c1,mrna,0,Life,post,2021,2026,600,OK,
OpenAlex,landmark,mrna_c2,mrna,0,Life,pre,2010,2019,600,OK,
OpenAlex,landmark,mrna_c2,mrna,0,Life,post,2021,2026,600,OK,
OpenAlex,landmark,alphafold2_c1,alphafold2,0,Life,pre,2011,2020,600,OK,
OpenAlex,landmark,alphafold2_c1,alphafold2,0,Life,post,2022,2026,600,OK,
OpenAlex,landmark,alphafold2_c2,alphafold2,0,Life,pre,2011,2020,600,OK,
OpenAlex,landmark,alphafold2_c2,alphafold2,0,Life,post,2022,2026,600,OK,
OpenAlex,landmark,singlecell_c1,singlecell,0,Life,pre,1999,2008,275,OK,
OpenAlex,landmark,singlecell_c1,singlecell,0,Life,post,2010,2019,600,OK,
OpenAlex,landmark,singlecell_c2,singlecell,0,Life,pre,1999,2008,600,OK,
OpenAlex,landmark,singlecell_c2,singlecell,0,Life,post,2010,2019,600,OK,
OpenAlex,landmark,rnai_c1,rnai,0,Life,pre,1988,1997,280,OK,
OpenAlex,landmark,rnai_c1,rnai,0,Life,post,1999,2008,600,OK,
OpenAlex,landmark,rnai_c2,rnai,0,Life,pre,1988,1997,35,OK,
OpenAlex,landmark,rnai_c2,rnai,0,Life,post,1999,2008,580,OK,
OpenAlex,landmark,graphene_c1,graphene,0,Nature,pre,1994,2003,577,OK,
OpenAlex,landmark,graphene_c1,graphene,0,Nature,post,2005,2014,600,OK,
OpenAlex,landmark,graphene_c2,graphene,0,Nature,pre,1994,2003,480,OK,
OpenAlex,landmark,graphene_c2,graphene,0,Nature,post,2005,2014,600,OK,
OpenAlex,landmark,transformer_c1,transformer,0,Machines,pre,2007,2016,598,OK,
OpenAlex,landmark,transformer_c1,transformer,0,Machines,post,2018,2026,600,OK,
OpenAlex,landmark,transformer_c2,transformer,0,Machines,pre,2007,2016,600,OK,
OpenAlex,landmark,transformer_c2,transformer,0,Machines,post,2018,2026,600,OK,
OpenAlex,landmark,resnet_c1,resnet,0,Machines,pre,2005,2014,593,OK,
OpenAlex,landmark,resnet_c1,resnet,0,Machines,post,2016,2025,600,OK,
OpenAlex,landmark,resnet_c2,resnet,0,Machines,pre,2005,2014,286,OK,
OpenAlex,landmark,resnet_c2,resnet,0,Machines,post,2016,2025,600,OK,
OpenAlex,landmark,diffusion_c1,diffusion,0,Machines,pre,2010,2019,600,OK,
OpenAlex,landmark,diffusion_c1,diffusion,0,Machines,post,2021,2026,600,OK,
OpenAlex,landmark,diffusion_c2,diffusion,0,Machines,pre,2010,2019,596,OK,
OpenAlex,landmark,diffusion_c2,diffusion,0,Machines,post,2021,2026,600,OK,
OpenAlex,landmark,rag_c1,rag,0,Machines,pre,2010,2019,600,OK,
OpenAlex,landmark,rag_c1,rag,0,Machines,post,2021,2026,600,OK,
OpenAlex,landmark,rag_c2,rag,0,Machines,pre,2010,2019,600,OK,
OpenAlex,landmark,rag_c2,rag,0,Machines,post,2021,2026,600,OK,
OpenAlex,landmark,qec_c1,qec,0,Nature,pre,1985,1994,600,OK,
OpenAlex,landmark,qec_c1,qec,0,Nature,post,1996,2005,600,OK,
OpenAlex,landmark,qec_c2,qec,0,Nature,pre,1985,1994,6,OK,
OpenAlex,landmark,qec_c2,qec,0,Nature,post,1996,2005,85,OK,
PubMed,landmark,crispr,crispr,1,Life,pre,2002,2011,0,OK,
PubMed,landmark,crispr,crispr,1,Life,post,2013,2022,599,OK,
PubMed,landmark,ips,ips,1,Life,pre,1996,2005,5,OK,
PubMed,landmark,ips,ips,1,Life,post,2007,2016,596,OK,
PubMed,landmark,mrna,mrna,1,Life,pre,2010,2019,600,OK,
PubMed,landmark,mrna,mrna,1,Life,post,2021,2026,599,OK,
PubMed,landmark,alphafold2,alphafold2,1,Life,pre,2011,2020,4,OK,
PubMed,landmark,alphafold2,alphafold2,1,Life,post,2022,2026,340,OK,
PubMed,landmark,singlecell,singlecell,1,Life,pre,1999,2008,298,OK,
PubMed,landmark,singlecell,singlecell,1,Life,post,2010,2019,600,OK,
PubMed,landmark,rnai,rnai,1,Life,pre,1988,1997,0,OK,
PubMed,landmark,rnai,rnai,1,Life,post,1999,2008,598,OK,
PubMed,landmark,crispr_c1,crispr,0,Life,pre,2002,2011,121,OK,
PubMed,landmark,crispr_c1,crispr,0,Life,post,2013,2022,532,OK,
PubMed,landmark,crispr_c2,crispr,0,Life,pre,2002,2011,26,OK,
PubMed,landmark,crispr_c2,crispr,0,Life,post,2013,2022,106,OK,
PubMed,landmark,ips_c1,ips,0,Life,pre,1996,2005,200,OK,
PubMed,landmark,ips_c1,ips,0,Life,post,2007,2016,593,OK,
PubMed,landmark,ips_c2,ips,0,Life,pre,1996,2005,148,OK,
PubMed,landmark,ips_c2,ips,0,Life,post,2007,2016,600,OK,
PubMed,landmark,mrna_c1,mrna,0,Life,pre,2010,2019,390,OK,
PubMed,landmark,mrna_c1,mrna,0,Life,post,2021,2026,600,OK,
PubMed,landmark,mrna_c2,mrna,0,Life,pre,2010,2019,507,OK,
PubMed,landmark,mrna_c2,mrna,0,Life,post,2021,2026,599,OK,
PubMed,landmark,alphafold2_c1,alphafold2,0,Life,pre,2011,2020,224,OK,
PubMed,landmark,alphafold2_c1,alphafold2,0,Life,post,2022,2026,85,OK,
PubMed,landmark,alphafold2_c2,alphafold2,0,Life,pre,2011,2020,600,OK,
PubMed,landmark,alphafold2_c2,alphafold2,0,Life,post,2022,2026,600,OK,
PubMed,landmark,singlecell_c1,singlecell,0,Life,pre,1999,2008,48,OK,
PubMed,landmark,singlecell_c1,singlecell,0,Life,post,2010,2019,340,OK,
PubMed,landmark,singlecell_c2,singlecell,0,Life,pre,1999,2008,600,OK,
PubMed,landmark,singlecell_c2,singlecell,0,Life,post,2010,2019,600,OK,
PubMed,landmark,rnai_c1,rnai,0,Life,pre,1988,1997,3,OK,
PubMed,landmark,rnai_c1,rnai,0,Life,post,1999,2008,451,OK,
PubMed,landmark,rnai_c2,rnai,0,Life,pre,1988,1997,2,OK,
PubMed,landmark,rnai_c2,rnai,0,Life,post,1999,2008,513,OK,
OpenAlex,power_validation,PV_0000_P,PV_0000,1,Nature,pre,2009,2018,300,OK,
OpenAlex,power_validation,PV_0000_P,PV_0000,1,Nature,post,2020,2026,300,OK,
OpenAlex,power_validation,PV_0000_C1,PV_0000,0,Nature,pre,2009,2018,300,OK,
OpenAlex,power_validation,PV_0000_C1,PV_0000,0,Nature,post,2020,2026,300,OK,
OpenAlex,power_validation,PV_0000_C2,PV_0000,0,Nature,pre,2009,2018,300,OK,
OpenAlex,power_validation,PV_0000_C2,PV_0000,0,Nature,post,2020,2026,300,OK,
OpenAlex,power_validation,PV_0001_P,PV_0001,1,Life,pre,2009,2018,300,OK,
OpenAlex,power_validation,PV_0001_P,PV_0001,1,Life,post,2020,2026,300,OK,
OpenAlex,power_validation,PV_0001_C1,PV_0001,0,Life,pre,2009,2018,300,OK,
OpenAlex,power_validation,PV_0001_C1,PV_0001,0,Life,post,2020,2026,300,OK,
OpenAlex,power_validation,PV_0001_C2,PV_0001,0,Life,pre,2009,2018,300,OK,
OpenAlex,power_validation,PV_0001_C2,PV_0001,0,Life,post,2020,2026,300,OK,
OpenAlex,power_validation,PV_0002_P,PV_0002,1,Cultures,pre,2009,2018,299,OK,
OpenAlex,power_validation,PV_0002_P,PV_0002,1,Cultures,post,2020,2026,300,OK,
OpenAlex,power_validation,PV_0002_C1,PV_0002,0,Cultures,pre,2009,2018,300,OK,
OpenAlex,power_validation,PV_0002_C1,PV_0002,0,Cultures,post,2020,2026,300,OK,
OpenAlex,power_validation,PV_0002_C2,PV_0002,0,Cultures,pre,2009,2018,300,OK,
OpenAlex,power_validation,PV_0002_C2,PV_0002,0,Cultures,post,2020,2026,300,OK,
OpenAlex,power_validation,PV_0003_P,PV_0003,1,Life,pre,2009,2018,300,OK,
OpenAlex,power_validation,PV_0003_P,PV_0003,1,Life,post,2020,2026,300,OK,
OpenAlex,power_validation,PV_0003_C1,PV_0003,0,Life,pre,2009,2018,300,OK,
OpenAlex,power_validation,PV_0003_C1,PV_0003,0,Life,post,2020,2026,300,OK,
OpenAlex,power_validation,PV_0003_C2,PV_0003,0,Life,pre,2009,2018,300,OK,
OpenAlex,power_validation,PV_0003_C2,PV_0003,0,Life,post,2020,2026,300,OK,
OpenAlex,power_validation,PV_0004_P,PV_0004,1,Nature,pre,2009,2018,300,OK,
OpenAlex,power_validation,PV_0004_P,PV_0004,1,Nature,post,2020,2026,300,OK,
OpenAlex,power_validation,PV_0004_C1,PV_0004,0,Nature,pre,2009,2018,300,OK,
OpenAlex,power_validation,PV_0004_C1,PV_0004,0,Nature,post,2020,2026,300,OK,
OpenAlex,power_validation,PV_0004_C2,PV_0004,0,Nature,pre,2009,2018,300,OK,
OpenAlex,power_validation,PV_0004_C2,PV_0004,0,Nature,post,2020,2026,300,OK,
OpenAlex,power_validation,PV_0005_P,PV_0005,1,Cultures,pre,2009,2018,300,OK,
OpenAlex,power_validation,PV_0005_P,PV_0005,1,Cultures,post,2020,2026,300,OK,
OpenAlex,power_validation,PV_0005_C1,PV_0005,0,Cultures,pre,2009,2018,300,OK,
OpenAlex,power_validation,PV_0005_C1,PV_0005,0,Cultures,post,2020,2026,300,OK,
OpenAlex,power_validation,PV_0005_C2,PV_0005,0,Cultures,pre,2009,2018,300,OK,
OpenAlex,power_validation,PV_0005_C2,PV_0005,0,Cultures,post,2020,2026,300,OK,
OpenAlex,power_validation,PV_0006_P,PV_0006,1,Life,pre,2009,2018,300,OK,
OpenAlex,power_validation,PV_0006_P,PV_0006,1,Life,post,2020,2026,300,OK,
OpenAlex,power_validation,PV_0006_C1,PV_0006,0,Life,pre,2009,2018,300,OK,
OpenAlex,power_validation,PV_0006_C1,PV_0006,0,Life,post,2020,2026,300,OK,
OpenAlex,power_validation,PV_0006_C2,PV_0006,0,Life,pre,2009,2018,300,OK,
OpenAlex,power_validation,PV_0006_C2,PV_0006,0,Life,post,2020,2026,300,OK,
OpenAlex,power_validation,PV_0007_P,PV_0007,1,Nature,pre,2009,2018,300,OK,
OpenAlex,power_validation,PV_0007_P,PV_0007,1,Nature,post,2020,2026,300,OK,
OpenAlex,power_validation,PV_0007_C1,PV_0007,0,Nature,pre,2009,2018,300,OK,
OpenAlex,power_validation,PV_0007_C1,PV_0007,0,Nature,post,2020,2026,300,OK,
OpenAlex,power_validation,PV_0007_C2,PV_0007,0,Nature,pre,2009,2018,300,OK,
OpenAlex,power_validation,PV_0007_C2,PV_0007,0,Nature,post,2020,2026,300,OK,
OpenAlex,power_validation,PV_0008_P,PV_0008,1,Cultures,pre,2009,2018,300,OK,
OpenAlex,power_validation,PV_0008_P,PV_0008,1,Cultures,post,2020,2026,300,OK,
OpenAlex,power_validation,PV_0008_C1,PV_0008,0,Cultures,pre,2009,2018,300,OK,
OpenAlex,power_validation,PV_0008_C1,PV_0008,0,Cultures,post,2020,2026,300,OK,
OpenAlex,power_validation,PV_0008_C2,PV_0008,0,Cultures,pre,2009,2018,300,OK,
OpenAlex,power_validation,PV_0008_C2,PV_0008,0,Cultures,post,2020,2026,300,OK,
OpenAlex,power_validation,PV_0009_P,PV_0009,1,Life,pre,2009,2018,300,OK,
OpenAlex,power_validation,PV_0009_P,PV_0009,1,Life,post,2020,2026,300,OK,
OpenAlex,power_validation,PV_0009_C1,PV_0009,0,Life,pre,2009,2018,300,OK,
OpenAlex,power_validation,PV_0009_C1,PV_0009,0,Life,post,2020,2026,300,OK,
OpenAlex,power_validation,PV_0009_C2,PV_0009,0,Life,pre,2009,2018,300,OK,
OpenAlex,power_validation,PV_0009_C2,PV_0009,0,Life,post,2020,2026,300,OK,
OpenAlex,power_validation,PV_0010_P,PV_0010,1,Nature,pre,2009,2018,300,OK,
OpenAlex,power_validation,PV_0010_P,PV_0010,1,Nature,post,2020,2026,300,OK,
OpenAlex,power_validation,PV_0010_C1,PV_0010,0,Nature,pre,2009,2018,300,OK,
OpenAlex,power_validation,PV_0010_C1,PV_0010,0,Nature,post,2020,2026,300,OK,
OpenAlex,power_validation,PV_0010_C2,PV_0010,0,Nature,pre,2009,2018,300,OK,
OpenAlex,power_validation,PV_0010_C2,PV_0010,0,Nature,post,2020,2026,300,OK,
OpenAlex,power_validation,PV_0011_P,PV_0011,1,Cultures,pre,2009,2018,300,OK,
OpenAlex,power_validation,PV_0011_P,PV_0011,1,Cultures,post,2020,2026,300,OK,
OpenAlex,power_validation,PV_0011_C1,PV_0011,0,Cultures,pre,2009,2018,300,OK,
OpenAlex,power_validation,PV_0011_C1,PV_0011,0,Cultures,post,2020,2026,300,OK,
OpenAlex,power_validation,PV_0011_C2,PV_0011,0,Cultures,pre,2009,2018,300,OK,
OpenAlex,power_validation,PV_0011_C2,PV_0011,0,Cultures,post,2020,2026,300,OK,
OpenAlex,power_validation,PV_0012_P,PV_0012,1,Life,pre,2009,2018,300,OK,
OpenAlex,power_validation,PV_0012_P,PV_0012,1,Life,post,2020,2026,300,OK,
OpenAlex,power_validation,PV_0012_C1,PV_0012,0,Life,pre,2009,2018,300,OK,
OpenAlex,power_validation,PV_0012_C1,PV_0012,0,Life,post,2020,2026,300,OK,
OpenAlex,power_validation,PV_0012_C2,PV_0012,0,Life,pre,2009,2018,300,OK,
OpenAlex,power_validation,PV_0012_C2,PV_0012,0,Life,post,2020,2026,300,OK,
OpenAlex,power_validation,PV_0013_P,PV_0013,1,Nature,pre,2009,2018,300,OK,
OpenAlex,power_validation,PV_0013_P,PV_0013,1,Nature,post,2020,2026,300,OK,
OpenAlex,power_validation,PV_0013_C1,PV_0013,0,Nature,pre,2009,2018,300,OK,
OpenAlex,power_validation,PV_0013_C1,PV_0013,0,Nature,post,2020,2026,300,OK,
OpenAlex,power_validation,PV_0013_C2,PV_0013,0,Nature,pre,2009,2018,300,OK,
OpenAlex,power_validation,PV_0013_C2,PV_0013,0,Nature,post,2020,2026,300,OK,
OpenAlex,power_validation,PV_0014_P,PV_0014,1,Cultures,pre,2009,2018,300,OK,
OpenAlex,power_validation,PV_0014_P,PV_0014,1,Cultures,post,2020,2026,300,OK,
OpenAlex,power_validation,PV_0014_C1,PV_0014,0,Cultures,pre,2009,2018,300,OK,
OpenAlex,power_validation,PV_0014_C1,PV_0014,0,Cultures,post,2020,2026,300,OK,
OpenAlex,power_validation,PV_0014_C2,PV_0014,0,Cultures,pre,2009,2018,300,OK,
OpenAlex,power_validation,PV_0014_C2,PV_0014,0,Cultures,post,2020,2026,300,OK,
OpenAlex,power_validation,PV_0015_P,PV_0015,1,Life,pre,2009,2018,300,OK,
OpenAlex,power_validation,PV_0015_P,PV_0015,1,Life,post,2020,2026,300,OK,
OpenAlex,power_validation,PV_0015_C1,PV_0015,0,Life,pre,2009,2018,300,OK,
OpenAlex,power_validation,PV_0015_C1,PV_0015,0,Life,post,2020,2026,300,OK,
OpenAlex,power_validation,PV_0015_C2,PV_0015,0,Life,pre,2009,2018,300,OK,
OpenAlex,power_validation,PV_0015_C2,PV_0015,0,Life,post,2020,2026,300,OK,
OpenAlex,power_validation,PV_0016_P,PV_0016,1,Nature,pre,2009,2018,300,OK,
OpenAlex,power_validation,PV_0016_P,PV_0016,1,Nature,post,2020,2026,300,OK,
OpenAlex,power_validation,PV_0016_C1,PV_0016,0,Nature,pre,2009,2018,300,OK,
OpenAlex,power_validation,PV_0016_C1,PV_0016,0,Nature,post,2020,2026,300,OK,
OpenAlex,power_validation,PV_0016_C2,PV_0016,0,Nature,pre,2009,2018,300,OK,
OpenAlex,power_validation,PV_0016_C2,PV_0016,0,Nature,post,2020,2026,300,OK,
OpenAlex,power_validation,PV_0017_P,PV_0017,1,Cultures,pre,2009,2018,300,OK,
OpenAlex,power_validation,PV_0017_P,PV_0017,1,Cultures,post,2020,2026,300,OK,
OpenAlex,power_validation,PV_0017_C1,PV_0017,0,Cultures,pre,2009,2018,300,OK,
OpenAlex,power_validation,PV_0017_C1,PV_0017,0,Cultures,post,2020,2026,300,OK,
OpenAlex,power_validation,PV_0017_C2,PV_0017,0,Cultures,pre,2009,2018,300,OK,
OpenAlex,power_validation,PV_0017_C2,PV_0017,0,Cultures,post,2020,2026,300,OK,
OpenAlex,power_validation,PV_0018_P,PV_0018,1,Life,pre,2009,2018,300,OK,
OpenAlex,power_validation,PV_0018_P,PV_0018,1,Life,post,2020,2026,300,OK,
OpenAlex,power_validation,PV_0018_C1,PV_0018,0,Life,pre,2009,2018,300,OK,
OpenAlex,power_validation,PV_0018_C1,PV_0018,0,Life,post,2020,2026,300,OK,
OpenAlex,power_validation,PV_0018_C2,PV_0018,0,Life,pre,2009,2018,300,OK,
OpenAlex,power_validation,PV_0018_C2,PV_0018,0,Life,post,2020,2026,300,OK,
OpenAlex,power_validation,PV_0019_P,PV_0019,1,Nature,pre,2009,2018,300,OK,
OpenAlex,power_validation,PV_0019_P,PV_0019,1,Nature,post,2020,2026,300,OK,
OpenAlex,power_validation,PV_0019_C1,PV_0019,0,Nature,pre,2009,2018,300,OK,
OpenAlex,power_validation,PV_0019_C1,PV_0019,0,Nature,post,2020,2026,300,OK,
OpenAlex,power_validation,PV_0019_C2,PV_0019,0,Nature,pre,2009,2018,300,OK,
OpenAlex,power_validation,PV_0019_C2,PV_0019,0,Nature,post,2020,2026,300,OK,
OpenAlex,power_validation,PV_0020_P,PV_0020,1,Cultures,pre,2009,2018,300,OK,
OpenAlex,power_validation,PV_0020_P,PV_0020,1,Cultures,post,2020,2026,300,OK,
OpenAlex,power_validation,PV_0020_C1,PV_0020,0,Cultures,pre,2009,2018,300,OK,
OpenAlex,power_validation,PV_0020_C1,PV_0020,0,Cultures,post,2020,2026,300,OK,
OpenAlex,power_validation,PV_0020_C2,PV_0020,0,Cultures,pre,2009,2018,300,OK,
OpenAlex,power_validation,PV_0020_C2,PV_0020,0,Cultures,post,2020,2026,300,OK,
OpenAlex,power_validation,PV_0021_P,PV_0021,1,Nature,pre,2009,2018,300,OK,
OpenAlex,power_validation,PV_0021_P,PV_0021,1,Nature,post,2020,2026,300,OK,
OpenAlex,power_validation,PV_0021_C1,PV_0021,0,Nature,pre,2009,2018,300,OK,
OpenAlex,power_validation,PV_0021_C1,PV_0021,0,Nature,post,2020,2026,300,OK,
OpenAlex,power_validation,PV_0021_C2,PV_0021,0,Nature,pre,2009,2018,300,OK,
OpenAlex,power_validation,PV_0021_C2,PV_0021,0,Nature,post,2020,2026,300,OK,
OpenAlex,power_validation,PV_0022_P,PV_0022,1,Cultures,pre,2009,2018,300,OK,
OpenAlex,power_validation,PV_0022_P,PV_0022,1,Cultures,post,2020,2026,300,OK,
OpenAlex,power_validation,PV_0022_C1,PV_0022,0,Cultures,pre,2009,2018,300,OK,
OpenAlex,power_validation,PV_0022_C1,PV_0022,0,Cultures,post,2020,2026,300,OK,
OpenAlex,power_validation,PV_0022_C2,PV_0022,0,Cultures,pre,2009,2018,300,OK,
OpenAlex,power_validation,PV_0022_C2,PV_0022,0,Cultures,post,2020,2026,300,OK,
OpenAlex,power_validation,PV_0023_P,PV_0023,1,Life,pre,2009,2018,300,OK,
OpenAlex,power_validation,PV_0023_P,PV_0023,1,Life,post,2020,2026,300,OK,
OpenAlex,power_validation,PV_0023_C1,PV_0023,0,Life,pre,2009,2018,300,OK,
OpenAlex,power_validation,PV_0023_C1,PV_0023,0,Life,post,2020,2026,300,OK,
OpenAlex,power_validation,PV_0023_C2,PV_0023,0,Life,pre,2009,2018,300,OK,
OpenAlex,power_validation,PV_0023_C2,PV_0023,0,Life,post,2020,2026,300,OK,
OpenAlex,power_validation,PV_0024_P,PV_0024,1,Life,pre,2009,2018,300,OK,
OpenAlex,power_validation,PV_0024_P,PV_0024,1,Life,post,2020,2026,300,OK,
OpenAlex,power_validation,PV_0024_C1,PV_0024,0,Life,pre,2009,2018,300,OK,
OpenAlex,power_validation,PV_0024_C1,PV_0024,0,Life,post,2020,2026,300,OK,
OpenAlex,power_validation,PV_0024_C2,PV_0024,0,Life,pre,2009,2018,300,OK,
OpenAlex,power_validation,PV_0024_C2,PV_0024,0,Life,post,2020,2026,300,OK,
OpenAlex,power_validation,PV_0025_P,PV_0025,1,Nature,pre,2009,2018,300,OK,
OpenAlex,power_validation,PV_0025_P,PV_0025,1,Nature,post,2020,2026,300,OK,
OpenAlex,power_validation,PV_0025_C1,PV_0025,0,Nature,pre,2009,2018,300,OK,
OpenAlex,power_validation,PV_0025_C1,PV_0025,0,Nature,post,2020,2026,300,OK,
OpenAlex,power_validation,PV_0025_C2,PV_0025,0,Nature,pre,2009,2018,300,OK,
OpenAlex,power_validation,PV_0025_C2,PV_0025,0,Nature,post,2020,2026,300,OK,
OpenAlex,power_validation,PV_0026_P,PV_0026,1,Cultures,pre,2009,2018,300,OK,
OpenAlex,power_validation,PV_0026_P,PV_0026,1,Cultures,post,2020,2026,300,OK,
OpenAlex,power_validation,PV_0026_C1,PV_0026,0,Cultures,pre,2009,2018,300,OK,
OpenAlex,power_validation,PV_0026_C1,PV_0026,0,Cultures,post,2020,2026,300,OK,
OpenAlex,power_validation,PV_0026_C2,PV_0026,0,Cultures,pre,2009,2018,300,OK,
OpenAlex,power_validation,PV_0026_C2,PV_0026,0,Cultures,post,2020,2026,300,OK,
OpenAlex,power_validation,PV_0027_P,PV_0027,1,Nature,pre,2009,2018,300,OK,
OpenAlex,power_validation,PV_0027_P,PV_0027,1,Nature,post,2020,2026,300,OK,
OpenAlex,power_validation,PV_0027_C1,PV_0027,0,Nature,pre,2009,2018,300,OK,
OpenAlex,power_validation,PV_0027_C1,PV_0027,0,Nature,post,2020,2026,300,OK,
OpenAlex,power_validation,PV_0027_C2,PV_0027,0,Nature,pre,2009,2018,300,OK,
OpenAlex,power_validation,PV_0027_C2,PV_0027,0,Nature,post,2020,2026,300,OK,
OpenAlex,power_validation,PV_0028_P,PV_0028,1,Life,pre,2009,2018,300,OK,
OpenAlex,power_validation,PV_0028_P,PV_0028,1,Life,post,2020,2026,300,OK,
OpenAlex,power_validation,PV_0028_C1,PV_0028,0,Life,pre,2009,2018,300,OK,
OpenAlex,power_validation,PV_0028_C1,PV_0028,0,Life,post,2020,2026,300,OK,
OpenAlex,power_validation,PV_0028_C2,PV_0028,0,Life,pre,2009,2018,300,OK,
OpenAlex,power_validation,PV_0028_C2,PV_0028,0,Life,post,2020,2026,300,OK,
OpenAlex,power_validation,PV_0029_P,PV_0029,1,Cultures,pre,2009,2018,300,OK,
OpenAlex,power_validation,PV_0029_P,PV_0029,1,Cultures,post,2020,2026,300,OK,
OpenAlex,power_validation,PV_0029_C1,PV_0029,0,Cultures,pre,2009,2018,300,OK,
OpenAlex,power_validation,PV_0029_C1,PV_0029,0,Cultures,post,2020,2026,300,OK,
OpenAlex,power_validation,PV_0029_C2,PV_0029,0,Cultures,pre,2009,2018,300,OK,
OpenAlex,power_validation,PV_0029_C2,PV_0029,0,Cultures,post,2020,2026,300,OK,
OpenAlex,power_validation,PV_0030_P,PV_0030,1,Life,pre,2009,2018,300,OK,
OpenAlex,power_validation,PV_0030_P,PV_0030,1,Life,post,2020,2026,300,OK,
OpenAlex,power_validation,PV_0030_C1,PV_0030,0,Life,pre,2009,2018,300,OK,
OpenAlex,power_validation,PV_0030_C1,PV_0030,0,Life,post,2020,2026,300,OK,
OpenAlex,power_validation,PV_0030_C2,PV_0030,0,Life,pre,2009,2018,300,OK,
OpenAlex,power_validation,PV_0030_C2,PV_0030,0,Life,post,2020,2026,300,OK,
OpenAlex,power_validation,PV_0031_P,PV_0031,1,Nature,pre,2009,2018,300,OK,
OpenAlex,power_validation,PV_0031_P,PV_0031,1,Nature,post,2020,2026,300,OK,
OpenAlex,power_validation,PV_0031_C1,PV_0031,0,Nature,pre,2009,2018,300,OK,
OpenAlex,power_validation,PV_0031_C1,PV_0031,0,Nature,post,2020,2026,300,OK,
OpenAlex,power_validation,PV_0031_C2,PV_0031,0,Nature,pre,2009,2018,300,OK,
OpenAlex,power_validation,PV_0031_C2,PV_0031,0,Nature,post,2020,2026,300,OK,
OpenAlex,power_validation,PV_0032_P,PV_0032,1,Cultures,pre,2009,2018,300,OK,
OpenAlex,power_validation,PV_0032_P,PV_0032,1,Cultures,post,2020,2026,300,OK,
OpenAlex,power_validation,PV_0032_C1,PV_0032,0,Cultures,pre,2009,2018,300,OK,
OpenAlex,power_validation,PV_0032_C1,PV_0032,0,Cultures,post,2020,2026,300,OK,
OpenAlex,power_validation,PV_0032_C2,PV_0032,0,Cultures,pre,2009,2018,300,OK,
OpenAlex,power_validation,PV_0032_C2,PV_0032,0,Cultures,post,2020,2026,300,OK,
OpenAlex,power_validation,PV_0033_P,PV_0033,1,Life,pre,2009,2018,300,OK,
OpenAlex,power_validation,PV_0033_P,PV_0033,1,Life,post,2020,2026,300,OK,
OpenAlex,power_validation,PV_0033_C1,PV_0033,0,Life,pre,2009,2018,300,OK,
OpenAlex,power_validation,PV_0033_C1,PV_0033,0,Life,post,2020,2026,300,OK,
OpenAlex,power_validation,PV_0033_C2,PV_0033,0,Life,pre,2009,2018,300,OK,
OpenAlex,power_validation,PV_0033_C2,PV_0033,0,Life,post,2020,2026,300,OK,
OpenAlex,power_validation,PV_0034_P,PV_0034,1,Nature,pre,2009,2018,300,OK,
OpenAlex,power_validation,PV_0034_P,PV_0034,1,Nature,post,2020,2026,300,OK,
OpenAlex,power_validation,PV_0034_C1,PV_0034,0,Nature,pre,2009,2018,300,OK,
OpenAlex,power_validation,PV_0034_C1,PV_0034,0,Nature,post,2020,2026,300,OK,
OpenAlex,power_validation,PV_0034_C2,PV_0034,0,Nature,pre,2009,2018,300,OK,
OpenAlex,power_validation,PV_0034_C2,PV_0034,0,Nature,post,2020,2026,300,OK,
OpenAlex,power_validation,PV_0035_P,PV_0035,1,Cultures,pre,2009,2018,300,OK,
OpenAlex,power_validation,PV_0035_P,PV_0035,1,Cultures,post,2020,2026,300,OK,
OpenAlex,power_validation,PV_0035_C1,PV_0035,0,Cultures,pre,2009,2018,300,OK,
OpenAlex,power_validation,PV_0035_C1,PV_0035,0,Cultures,post,2020,2026,300,OK,
OpenAlex,power_validation,PV_0035_C2,PV_0035,0,Cultures,pre,2009,2018,300,OK,
OpenAlex,power_validation,PV_0035_C2,PV_0035,0,Cultures,post,2020,2026,300,OK,
OpenAlex,power_validation,PV_0036_P,PV_0036,1,Life,pre,2009,2018,300,OK,
OpenAlex,power_validation,PV_0036_P,PV_0036,1,Life,post,2020,2026,300,OK,
OpenAlex,power_validation,PV_0036_C1,PV_0036,0,Life,pre,2009,2018,300,OK,
OpenAlex,power_validation,PV_0036_C1,PV_0036,0,Life,post,2020,2026,300,OK,
OpenAlex,power_validation,PV_0036_C2,PV_0036,0,Life,pre,2009,2018,300,OK,
OpenAlex,power_validation,PV_0036_C2,PV_0036,0,Life,post,2020,2026,300,OK,
OpenAlex,power_validation,PV_0037_P,PV_0037,1,Nature,pre,2009,2018,300,OK,
OpenAlex,power_validation,PV_0037_P,PV_0037,1,Nature,post,2020,2026,300,OK,
OpenAlex,power_validation,PV_0037_C1,PV_0037,0,Nature,pre,2009,2018,300,OK,
OpenAlex,power_validation,PV_0037_C1,PV_0037,0,Nature,post,2020,2026,300,OK,
OpenAlex,power_validation,PV_0037_C2,PV_0037,0,Nature,pre,2009,2018,300,OK,
OpenAlex,power_validation,PV_0037_C2,PV_0037,0,Nature,post,2020,2026,300,OK,
OpenAlex,power_validation,PV_0038_P,PV_0038,1,Cultures,pre,2009,2018,300,OK,
OpenAlex,power_validation,PV_0038_P,PV_0038,1,Cultures,post,2020,2026,300,OK,
OpenAlex,power_validation,PV_0038_C1,PV_0038,0,Cultures,pre,2009,2018,300,OK,
OpenAlex,power_validation,PV_0038_C1,PV_0038,0,Cultures,post,2020,2026,300,OK,
OpenAlex,power_validation,PV_0038_C2,PV_0038,0,Cultures,pre,2009,2018,300,OK,
OpenAlex,power_validation,PV_0038_C2,PV_0038,0,Cultures,post,2020,2026,300,OK,
OpenAlex,power_validation,PV_0039_P,PV_0039,1,Life,pre,2009,2018,300,OK,
OpenAlex,power_validation,PV_0039_P,PV_0039,1,Life,post,2020,2026,300,OK,
OpenAlex,power_validation,PV_0039_C1,PV_0039,0,Life,pre,2009,2018,300,OK,
OpenAlex,power_validation,PV_0039_C1,PV_0039,0,Life,post,2020,2026,300,OK,
OpenAlex,power_validation,PV_0039_C2,PV_0039,0,Life,pre,2009,2018,300,OK,
OpenAlex,power_validation,PV_0039_C2,PV_0039,0,Life,post,2020,2026,300,OK,
OpenAlex,power_validation,PV_0040_P,PV_0040,1,Nature,pre,2009,2018,300,OK,
OpenAlex,power_validation,PV_0040_P,PV_0040,1,Nature,post,2020,2026,300,OK,
OpenAlex,power_validation,PV_0040_C1,PV_0040,0,Nature,pre,2009,2018,300,OK,
OpenAlex,power_validation,PV_0040_C1,PV_0040,0,Nature,post,2020,2026,300,OK,
OpenAlex,power_validation,PV_0040_C2,PV_0040,0,Nature,pre,2009,2018,300,OK,
OpenAlex,power_validation,PV_0040_C2,PV_0040,0,Nature,post,2020,2026,300,OK,
OpenAlex,power_validation,PV_0041_P,PV_0041,1,Cultures,pre,2009,2018,300,OK,
OpenAlex,power_validation,PV_0041_P,PV_0041,1,Cultures,post,2020,2026,300,OK,
OpenAlex,power_validation,PV_0041_C1,PV_0041,0,Cultures,pre,2009,2018,300,OK,
OpenAlex,power_validation,PV_0041_C1,PV_0041,0,Cultures,post,2020,2026,300,OK,
OpenAlex,power_validation,PV_0041_C2,PV_0041,0,Cultures,pre,2009,2018,300,OK,
OpenAlex,power_validation,PV_0041_C2,PV_0041,0,Cultures,post,2020,2026,300,OK,
OpenAlex,power_validation,PV_0042_P,PV_0042,1,Nature,pre,2009,2018,300,OK,
OpenAlex,power_validation,PV_0042_P,PV_0042,1,Nature,post,2020,2026,300,OK,
OpenAlex,power_validation,PV_0042_C1,PV_0042,0,Nature,pre,2009,2018,300,OK,
OpenAlex,power_validation,PV_0042_C1,PV_0042,0,Nature,post,2020,2026,300,OK,
OpenAlex,power_validation,PV_0042_C2,PV_0042,0,Nature,pre,2009,2018,300,OK,
OpenAlex,power_validation,PV_0042_C2,PV_0042,0,Nature,post,2020,2026,300,OK,
OpenAlex,power_validation,PV_0043_P,PV_0043,1,Cultures,pre,2009,2018,300,OK,
OpenAlex,power_validation,PV_0043_P,PV_0043,1,Cultures,post,2020,2026,300,OK,
OpenAlex,power_validation,PV_0043_C1,PV_0043,0,Cultures,pre,2009,2018,300,OK,
OpenAlex,power_validation,PV_0043_C1,PV_0043,0,Cultures,post,2020,2026,300,OK,
OpenAlex,power_validation,PV_0043_C2,PV_0043,0,Cultures,pre,2009,2018,300,OK,
OpenAlex,power_validation,PV_0043_C2,PV_0043,0,Cultures,post,2020,2026,300,OK,
OpenAlex,power_validation,PV_0044_P,PV_0044,1,Life,pre,2009,2018,300,OK,
OpenAlex,power_validation,PV_0044_P,PV_0044,1,Life,post,2020,2026,300,OK,
OpenAlex,power_validation,PV_0044_C1,PV_0044,0,Life,pre,2009,2018,300,OK,
OpenAlex,power_validation,PV_0044_C1,PV_0044,0,Life,post,2020,2026,300,OK,
OpenAlex,power_validation,PV_0044_C2,PV_0044,0,Life,pre,2009,2018,300,OK,
OpenAlex,power_validation,PV_0044_C2,PV_0044,0,Life,post,2020,2026,300,OK,
OpenAlex,power_validation,PV_0045_P,PV_0045,1,Life,pre,2009,2018,300,OK,
OpenAlex,power_validation,PV_0045_P,PV_0045,1,Life,post,2020,2026,300,OK,
OpenAlex,power_validation,PV_0045_C1,PV_0045,0,Life,pre,2009,2018,300,OK,
OpenAlex,power_validation,PV_0045_C1,PV_0045,0,Life,post,2020,2026,300,OK,
OpenAlex,power_validation,PV_0045_C2,PV_0045,0,Life,pre,2009,2018,300,OK,
OpenAlex,power_validation,PV_0045_C2,PV_0045,0,Life,post,2020,2026,300,OK,
OpenAlex,power_validation,PV_0046_P,PV_0046,1,Nature,pre,2009,2018,300,OK,
OpenAlex,power_validation,PV_0046_P,PV_0046,1,Nature,post,2020,2026,300,OK,
OpenAlex,power_validation,PV_0046_C1,PV_0046,0,Nature,pre,2009,2018,300,OK,
OpenAlex,power_validation,PV_0046_C1,PV_0046,0,Nature,post,2020,2026,300,OK,
OpenAlex,power_validation,PV_0046_C2,PV_0046,0,Nature,pre,2009,2018,300,OK,
OpenAlex,power_validation,PV_0046_C2,PV_0046,0,Nature,post,2020,2026,300,OK,
OpenAlex,power_validation,PV_0047_P,PV_0047,1,Cultures,pre,2009,2018,300,OK,
OpenAlex,power_validation,PV_0047_P,PV_0047,1,Cultures,post,2020,2026,300,OK,
OpenAlex,power_validation,PV_0047_C1,PV_0047,0,Cultures,pre,2009,2018,300,OK,
OpenAlex,power_validation,PV_0047_C1,PV_0047,0,Cultures,post,2020,2026,300,OK,
OpenAlex,power_validation,PV_0047_C2,PV_0047,0,Cultures,pre,2009,2018,300,OK,
OpenAlex,power_validation,PV_0047_C2,PV_0047,0,Cultures,post,2020,2026,300,OK,
OpenAlex,power_validation,PV_0048_P,PV_0048,1,Nature,pre,2009,2018,300,OK,
OpenAlex,power_validation,PV_0048_P,PV_0048,1,Nature,post,2020,2026,300,OK,
OpenAlex,power_validation,PV_0048_C1,PV_0048,0,Nature,pre,2009,2018,300,OK,
OpenAlex,power_validation,PV_0048_C1,PV_0048,0,Nature,post,2020,2026,300,OK,
OpenAlex,power_validation,PV_0048_C2,PV_0048,0,Nature,pre,2009,2018,300,OK,
OpenAlex,power_validation,PV_0048_C2,PV_0048,0,Nature,post,2020,2026,300,OK,
OpenAlex,power_validation,PV_0049_P,PV_0049,1,Life,pre,2009,2018,300,OK,
OpenAlex,power_validation,PV_0049_P,PV_0049,1,Life,post,2020,2026,300,OK,
OpenAlex,power_validation,PV_0049_C1,PV_0049,0,Life,pre,2009,2018,300,OK,
OpenAlex,power_validation,PV_0049_C1,PV_0049,0,Life,post,2020,2026,300,OK,
OpenAlex,power_validation,PV_0049_C2,PV_0049,0,Life,pre,2009,2018,300,OK,
OpenAlex,power_validation,PV_0049_C2,PV_0049,0,Life,post,2020,2026,300,OK,
OpenAlex,power_validation,PV_0050_P,PV_0050,1,Cultures,pre,2009,2018,300,OK,
OpenAlex,power_validation,PV_0050_P,PV_0050,1,Cultures,post,2020,2026,300,OK,
OpenAlex,power_validation,PV_0050_C1,PV_0050,0,Cultures,pre,2009,2018,300,OK,
OpenAlex,power_validation,PV_0050_C1,PV_0050,0,Cultures,post,2020,2026,300,OK,
OpenAlex,power_validation,PV_0050_C2,PV_0050,0,Cultures,pre,2009,2018,300,OK,
OpenAlex,power_validation,PV_0050_C2,PV_0050,0,Cultures,post,2020,2026,300,OK,
OpenAlex,power_validation,PV_0051_P,PV_0051,1,Life,pre,2009,2018,300,OK,
OpenAlex,power_validation,PV_0051_P,PV_0051,1,Life,post,2020,2026,300,OK,
OpenAlex,power_validation,PV_0051_C1,PV_0051,0,Life,pre,2009,2018,300,OK,
OpenAlex,power_validation,PV_0051_C1,PV_0051,0,Life,post,2020,2026,300,OK,
OpenAlex,power_validation,PV_0051_C2,PV_0051,0,Life,pre,2009,2018,300,OK,
OpenAlex,power_validation,PV_0051_C2,PV_0051,0,Life,post,2020,2026,300,OK,
OpenAlex,power_validation,PV_0052_P,PV_0052,1,Nature,pre,2009,2018,300,OK,
OpenAlex,power_validation,PV_0052_P,PV_0052,1,Nature,post,2020,2026,300,OK,
OpenAlex,power_validation,PV_0052_C1,PV_0052,0,Nature,pre,2009,2018,300,OK,
OpenAlex,power_validation,PV_0052_C1,PV_0052,0,Nature,post,2020,2026,300,OK,
OpenAlex,power_validation,PV_0052_C2,PV_0052,0,Nature,pre,2009,2018,300,OK,
OpenAlex,power_validation,PV_0052_C2,PV_0052,0,Nature,post,2020,2026,300,OK,
OpenAlex,power_validation,PV_0053_P,PV_0053,1,Cultures,pre,2009,2018,300,OK,
OpenAlex,power_validation,PV_0053_P,PV_0053,1,Cultures,post,2020,2026,300,OK,
OpenAlex,power_validation,PV_0053_C1,PV_0053,0,Cultures,pre,2009,2018,300,OK,
OpenAlex,power_validation,PV_0053_C1,PV_0053,0,Cultures,post,2020,2026,300,OK,
OpenAlex,power_validation,PV_0053_C2,PV_0053,0,Cultures,pre,2009,2018,300,OK,
OpenAlex,power_validation,PV_0053_C2,PV_0053,0,Cultures,post,2020,2026,300,OK,
OpenAlex,power_validation,PV_0054_P,PV_0054,1,Nature,pre,2009,2018,300,OK,
OpenAlex,power_validation,PV_0054_P,PV_0054,1,Nature,post,2020,2026,300,OK,
OpenAlex,power_validation,PV_0054_C1,PV_0054,0,Nature,pre,2009,2018,300,OK,
OpenAlex,power_validation,PV_0054_C1,PV_0054,0,Nature,post,2020,2026,300,OK,
OpenAlex,power_validation,PV_0054_C2,PV_0054,0,Nature,pre,2009,2018,300,OK,
OpenAlex,power_validation,PV_0054_C2,PV_0054,0,Nature,post,2020,2026,300,OK,
OpenAlex,power_validation,PV_0055_P,PV_0055,1,Life,pre,2009,2018,300,OK,
OpenAlex,power_validation,PV_0055_P,PV_0055,1,Life,post,2020,2026,300,OK,
OpenAlex,power_validation,PV_0055_C1,PV_0055,0,Life,pre,2009,2018,300,OK,
OpenAlex,power_validation,PV_0055_C1,PV_0055,0,Life,post,2020,2026,300,OK,
OpenAlex,power_validation,PV_0055_C2,PV_0055,0,Life,pre,2009,2018,300,OK,
OpenAlex,power_validation,PV_0055_C2,PV_0055,0,Life,post,2020,2026,300,OK,
OpenAlex,power_validation,PV_0056_P,PV_0056,1,Cultures,pre,2009,2018,300,OK,
OpenAlex,power_validation,PV_0056_P,PV_0056,1,Cultures,post,2020,2026,300,OK,
OpenAlex,power_validation,PV_0056_C1,PV_0056,0,Cultures,pre,2009,2018,300,OK,
OpenAlex,power_validation,PV_0056_C1,PV_0056,0,Cultures,post,2020,2026,300,OK,
OpenAlex,power_validation,PV_0056_C2,PV_0056,0,Cultures,pre,2009,2018,300,OK,
OpenAlex,power_validation,PV_0056_C2,PV_0056,0,Cultures,post,2020,2026,300,OK,
OpenAlex,power_validation,PV_0057_P,PV_0057,1,Nature,pre,2009,2018,300,OK,
OpenAlex,power_validation,PV_0057_P,PV_0057,1,Nature,post,2020,2026,300,OK,
OpenAlex,power_validation,PV_0057_C1,PV_0057,0,Nature,pre,2009,2018,300,OK,
OpenAlex,power_validation,PV_0057_C1,PV_0057,0,Nature,post,2020,2026,300,OK,
OpenAlex,power_validation,PV_0057_C2,PV_0057,0,Nature,pre,2009,2018,300,OK,
OpenAlex,power_validation,PV_0057_C2,PV_0057,0,Nature,post,2020,2026,300,OK,
OpenAlex,power_validation,PV_0058_P,PV_0058,1,Life,pre,2009,2018,300,OK,
OpenAlex,power_validation,PV_0058_P,PV_0058,1,Life,post,2020,2026,300,OK,
OpenAlex,power_validation,PV_0058_C1,PV_0058,0,Life,pre,2009,2018,300,OK,
OpenAlex,power_validation,PV_0058_C1,PV_0058,0,Life,post,2020,2026,300,OK,
OpenAlex,power_validation,PV_0058_C2,PV_0058,0,Life,pre,2009,2018,300,OK,
OpenAlex,power_validation,PV_0058_C2,PV_0058,0,Life,post,2020,2026,300,OK,
OpenAlex,power_validation,PV_0059_P,PV_0059,1,Cultures,pre,2009,2018,300,OK,
OpenAlex,power_validation,PV_0059_P,PV_0059,1,Cultures,post,2020,2026,300,OK,
OpenAlex,power_validation,PV_0059_C1,PV_0059,0,Cultures,pre,2009,2018,300,OK,
OpenAlex,power_validation,PV_0059_C1,PV_0059,0,Cultures,post,2020,2026,300,OK,
OpenAlex,power_validation,PV_0059_C2,PV_0059,0,Cultures,pre,2009,2018,300,OK,
OpenAlex,power_validation,PV_0059_C2,PV_0059,0,Cultures,post,2020,2026,300,OK,
OpenAlex,power_validation,PV_0060_P,PV_0060,1,Life,pre,2009,2018,300,OK,
OpenAlex,power_validation,PV_0060_P,PV_0060,1,Life,post,2020,2026,300,OK,
OpenAlex,power_validation,PV_0060_C1,PV_0060,0,Life,pre,2009,2018,300,OK,
OpenAlex,power_validation,PV_0060_C1,PV_0060,0,Life,post,2020,2026,300,OK,
OpenAlex,power_validation,PV_0060_C2,PV_0060,0,Life,pre,2009,2018,300,OK,
OpenAlex,power_validation,PV_0060_C2,PV_0060,0,Life,post,2020,2026,300,OK,
OpenAlex,power_validation,PV_0061_P,PV_0061,1,Nature,pre,2009,2018,300,OK,
OpenAlex,power_validation,PV_0061_P,PV_0061,1,Nature,post,2020,2026,300,OK,
OpenAlex,power_validation,PV_0061_C1,PV_0061,0,Nature,pre,2009,2018,300,OK,
OpenAlex,power_validation,PV_0061_C1,PV_0061,0,Nature,post,2020,2026,300,OK,
OpenAlex,power_validation,PV_0061_C2,PV_0061,0,Nature,pre,2009,2018,300,OK,
OpenAlex,power_validation,PV_0061_C2,PV_0061,0,Nature,post,2020,2026,300,OK,
OpenAlex,power_validation,PV_0062_P,PV_0062,1,Cultures,pre,2009,2018,300,OK,
OpenAlex,power_validation,PV_0062_P,PV_0062,1,Cultures,post,2020,2026,300,OK,
OpenAlex,power_validation,PV_0062_C1,PV_0062,0,Cultures,pre,2009,2018,300,OK,
OpenAlex,power_validation,PV_0062_C1,PV_0062,0,Cultures,post,2020,2026,300,OK,
OpenAlex,power_validation,PV_0062_C2,PV_0062,0,Cultures,pre,2009,2018,300,OK,
OpenAlex,power_validation,PV_0062_C2,PV_0062,0,Cultures,post,2020,2026,300,OK,
OpenAlex,power_validation,PV_0063_P,PV_0063,1,Nature,pre,2009,2018,300,OK,
OpenAlex,power_validation,PV_0063_P,PV_0063,1,Nature,post,2020,2026,300,OK,
OpenAlex,power_validation,PV_0063_C1,PV_0063,0,Nature,pre,2009,2018,300,OK,
OpenAlex,power_validation,PV_0063_C1,PV_0063,0,Nature,post,2020,2026,300,OK,
OpenAlex,power_validation,PV_0063_C2,PV_0063,0,Nature,pre,2009,2018,300,OK,
OpenAlex,power_validation,PV_0063_C2,PV_0063,0,Nature,post,2020,2026,300,OK,
OpenAlex,power_validation,PV_0064_P,PV_0064,1,Cultures,pre,2009,2018,300,OK,
OpenAlex,power_validation,PV_0064_P,PV_0064,1,Cultures,post,2020,2026,300,OK,
OpenAlex,power_validation,PV_0064_C1,PV_0064,0,Cultures,pre,2009,2018,300,OK,
OpenAlex,power_validation,PV_0064_C1,PV_0064,0,Cultures,post,2020,2026,300,OK,
OpenAlex,power_validation,PV_0064_C2,PV_0064,0,Cultures,pre,2009,2018,300,OK,
OpenAlex,power_validation,PV_0064_C2,PV_0064,0,Cultures,post,2020,2026,300,OK,
OpenAlex,power_validation,PV_0065_P,PV_0065,1,Life,pre,2009,2018,300,OK,
OpenAlex,power_validation,PV_0065_P,PV_0065,1,Life,post,2020,2026,300,OK,
OpenAlex,power_validation,PV_0065_C1,PV_0065,0,Life,pre,2009,2018,300,OK,
OpenAlex,power_validation,PV_0065_C1,PV_0065,0,Life,post,2020,2026,300,OK,
OpenAlex,power_validation,PV_0065_C2,PV_0065,0,Life,pre,2009,2018,300,OK,
OpenAlex,power_validation,PV_0065_C2,PV_0065,0,Life,post,2020,2026,300,OK,
OpenAlex,power_validation,PV_0066_P,PV_0066,1,Life,pre,2009,2018,300,OK,
OpenAlex,power_validation,PV_0066_P,PV_0066,1,Life,post,2020,2026,300,OK,
OpenAlex,power_validation,PV_0066_C1,PV_0066,0,Life,pre,2009,2018,300,OK,
OpenAlex,power_validation,PV_0066_C1,PV_0066,0,Life,post,2020,2026,300,OK,
OpenAlex,power_validation,PV_0066_C2,PV_0066,0,Life,pre,2009,2018,300,OK,
OpenAlex,power_validation,PV_0066_C2,PV_0066,0,Life,post,2020,2026,300,OK,
OpenAlex,power_validation,PV_0067_P,PV_0067,1,Nature,pre,2009,2018,300,OK,
OpenAlex,power_validation,PV_0067_P,PV_0067,1,Nature,post,2020,2026,300,OK,
OpenAlex,power_validation,PV_0067_C1,PV_0067,0,Nature,pre,2009,2018,300,OK,
OpenAlex,power_validation,PV_0067_C1,PV_0067,0,Nature,post,2020,2026,300,OK,
OpenAlex,power_validation,PV_0067_C2,PV_0067,0,Nature,pre,2009,2018,300,OK,
OpenAlex,power_validation,PV_0067_C2,PV_0067,0,Nature,post,2020,2026,300,OK,
OpenAlex,power_validation,PV_0068_P,PV_0068,1,Cultures,pre,2009,2018,300,OK,
OpenAlex,power_validation,PV_0068_P,PV_0068,1,Cultures,post,2020,2026,300,OK,
OpenAlex,power_validation,PV_0068_C1,PV_0068,0,Cultures,pre,2009,2018,300,OK,
OpenAlex,power_validation,PV_0068_C1,PV_0068,0,Cultures,post,2020,2026,300,OK,
OpenAlex,power_validation,PV_0068_C2,PV_0068,0,Cultures,pre,2009,2018,300,OK,
OpenAlex,power_validation,PV_0068_C2,PV_0068,0,Cultures,post,2020,2026,300,OK,
OpenAlex,power_validation,PV_0069_P,PV_0069,1,Nature,pre,2009,2018,300,OK,
OpenAlex,power_validation,PV_0069_P,PV_0069,1,Nature,post,2020,2026,300,OK,
OpenAlex,power_validation,PV_0069_C1,PV_0069,0,Nature,pre,2009,2018,300,OK,
OpenAlex,power_validation,PV_0069_C1,PV_0069,0,Nature,post,2020,2026,297,OK,
OpenAlex,power_validation,PV_0069_C2,PV_0069,0,Nature,pre,2009,2018,300,OK,
OpenAlex,power_validation,PV_0069_C2,PV_0069,0,Nature,post,2020,2026,300,OK,
OpenAlex,power_validation,PV_0070_P,PV_0070,1,Cultures,pre,2009,2018,300,OK,
OpenAlex,power_validation,PV_0070_P,PV_0070,1,Cultures,post,2020,2026,300,OK,
OpenAlex,power_validation,PV_0070_C1,PV_0070,0,Cultures,pre,2009,2018,300,OK,
OpenAlex,power_validation,PV_0070_C1,PV_0070,0,Cultures,post,2020,2026,300,OK,
OpenAlex,power_validation,PV_0070_C2,PV_0070,0,Cultures,pre,2009,2018,300,OK,
OpenAlex,power_validation,PV_0070_C2,PV_0070,0,Cultures,post,2020,2026,300,OK,
OpenAlex,power_validation,PV_0071_P,PV_0071,1,Life,pre,2009,2018,300,OK,
OpenAlex,power_validation,PV_0071_P,PV_0071,1,Life,post,2020,2026,300,OK,
OpenAlex,power_validation,PV_0071_C1,PV_0071,0,Life,pre,2009,2018,300,OK,
OpenAlex,power_validation,PV_0071_C1,PV_0071,0,Life,post,2020,2026,300,OK,
OpenAlex,power_validation,PV_0071_C2,PV_0071,0,Life,pre,2009,2018,300,OK,
OpenAlex,power_validation,PV_0071_C2,PV_0071,0,Life,post,2020,2026,300,OK,
OpenAlex,power_validation,PV_0072_P,PV_0072,1,Life,pre,2009,2018,300,OK,
OpenAlex,power_validation,PV_0072_P,PV_0072,1,Life,post,2020,2026,300,OK,
OpenAlex,power_validation,PV_0072_C1,PV_0072,0,Life,pre,2009,2018,300,OK,
OpenAlex,power_validation,PV_0072_C1,PV_0072,0,Life,post,2020,2026,300,OK,
OpenAlex,power_validation,PV_0072_C2,PV_0072,0,Life,pre,2009,2018,300,OK,
OpenAlex,power_validation,PV_0072_C2,PV_0072,0,Life,post,2020,2026,300,OK,
OpenAlex,power_validation,PV_0073_P,PV_0073,1,Nature,pre,2009,2018,300,OK,
OpenAlex,power_validation,PV_0073_P,PV_0073,1,Nature,post,2020,2026,300,OK,
OpenAlex,power_validation,PV_0073_C1,PV_0073,0,Nature,pre,2009,2018,300,OK,
OpenAlex,power_validation,PV_0073_C1,PV_0073,0,Nature,post,2020,2026,300,OK,
OpenAlex,power_validation,PV_0073_C2,PV_0073,0,Nature,pre,2009,2018,300,OK,
OpenAlex,power_validation,PV_0073_C2,PV_0073,0,Nature,post,2020,2026,300,OK,
OpenAlex,power_validation,PV_0074_P,PV_0074,1,Cultures,pre,2009,2018,300,OK,
OpenAlex,power_validation,PV_0074_P,PV_0074,1,Cultures,post,2020,2026,300,OK,
OpenAlex,power_validation,PV_0074_C1,PV_0074,0,Cultures,pre,2009,2018,300,OK,
OpenAlex,power_validation,PV_0074_C1,PV_0074,0,Cultures,post,2020,2026,300,OK,
OpenAlex,power_validation,PV_0074_C2,PV_0074,0,Cultures,pre,2009,2018,300,OK,
OpenAlex,power_validation,PV_0074_C2,PV_0074,0,Cultures,post,2020,2026,300,OK,
OpenAlex,power_validation,PV_0075_P,PV_0075,1,Nature,pre,2009,2018,300,OK,
OpenAlex,power_validation,PV_0075_P,PV_0075,1,Nature,post,2020,2026,300,OK,
OpenAlex,power_validation,PV_0075_C1,PV_0075,0,Nature,pre,2009,2018,300,OK,
OpenAlex,power_validation,PV_0075_C1,PV_0075,0,Nature,post,2020,2026,300,OK,
OpenAlex,power_validation,PV_0075_C2,PV_0075,0,Nature,pre,2009,2018,300,OK,
OpenAlex,power_validation,PV_0075_C2,PV_0075,0,Nature,post,2020,2026,300,OK,
OpenAlex,power_validation,PV_0076_P,PV_0076,1,Life,pre,2009,2018,300,OK,
OpenAlex,power_validation,PV_0076_P,PV_0076,1,Life,post,2020,2026,300,OK,
OpenAlex,power_validation,PV_0076_C1,PV_0076,0,Life,pre,2009,2018,300,OK,
OpenAlex,power_validation,PV_0076_C1,PV_0076,0,Life,post,2020,2026,300,OK,
OpenAlex,power_validation,PV_0076_C2,PV_0076,0,Life,pre,2009,2018,300,OK,
OpenAlex,power_validation,PV_0076_C2,PV_0076,0,Life,post,2020,2026,300,OK,
OpenAlex,power_validation,PV_0077_P,PV_0077,1,Cultures,pre,2009,2018,300,OK,
OpenAlex,power_validation,PV_0077_P,PV_0077,1,Cultures,post,2020,2026,300,OK,
OpenAlex,power_validation,PV_0077_C1,PV_0077,0,Cultures,pre,2009,2018,300,OK,
OpenAlex,power_validation,PV_0077_C1,PV_0077,0,Cultures,post,2020,2026,300,OK,
OpenAlex,power_validation,PV_0077_C2,PV_0077,0,Cultures,pre,2009,2018,300,OK,
OpenAlex,power_validation,PV_0077_C2,PV_0077,0,Cultures,post,2020,2026,300,OK,
OpenAlex,power_validation,PV_0078_P,PV_0078,1,Nature,pre,2009,2018,300,OK,
OpenAlex,power_validation,PV_0078_P,PV_0078,1,Nature,post,2020,2026,300,OK,
OpenAlex,power_validation,PV_0078_C1,PV_0078,0,Nature,pre,2009,2018,300,OK,
OpenAlex,power_validation,PV_0078_C1,PV_0078,0,Nature,post,2020,2026,300,OK,
OpenAlex,power_validation,PV_0078_C2,PV_0078,0,Nature,pre,2009,2018,300,OK,
OpenAlex,power_validation,PV_0078_C2,PV_0078,0,Nature,post,2020,2026,300,OK,
OpenAlex,power_validation,PV_0079_P,PV_0079,1,Life,pre,2009,2018,300,OK,
OpenAlex,power_validation,PV_0079_P,PV_0079,1,Life,post,2020,2026,300,OK,
OpenAlex,power_validation,PV_0079_C1,PV_0079,0,Life,pre,2009,2018,300,OK,
OpenAlex,power_validation,PV_0079_C1,PV_0079,0,Life,post,2020,2026,300,OK,
OpenAlex,power_validation,PV_0079_C2,PV_0079,0,Life,pre,2009,2018,300,OK,
OpenAlex,power_validation,PV_0079_C2,PV_0079,0,Life,post,2020,2026,300,OK,
OpenAlex,power_validation,PV_0080_P,PV_0080,1,Cultures,pre,2009,2018,300,OK,
OpenAlex,power_validation,PV_0080_P,PV_0080,1,Cultures,post,2020,2026,300,OK,
OpenAlex,power_validation,PV_0080_C1,PV_0080,0,Cultures,pre,2009,2018,300,OK,
OpenAlex,power_validation,PV_0080_C1,PV_0080,0,Cultures,post,2020,2026,300,OK,
OpenAlex,power_validation,PV_0080_C2,PV_0080,0,Cultures,pre,2009,2018,300,OK,
OpenAlex,power_validation,PV_0080_C2,PV_0080,0,Cultures,post,2020,2026,300,OK,
OpenAlex,power_validation,PV_0081_P,PV_0081,1,Nature,pre,2009,2018,300,OK,
OpenAlex,power_validation,PV_0081_P,PV_0081,1,Nature,post,2020,2026,300,OK,
OpenAlex,power_validation,PV_0081_C1,PV_0081,0,Nature,pre,2009,2018,300,OK,
OpenAlex,power_validation,PV_0081_C1,PV_0081,0,Nature,post,2020,2026,300,OK,
OpenAlex,power_validation,PV_0081_C2,PV_0081,0,Nature,pre,2009,2018,300,OK,
OpenAlex,power_validation,PV_0081_C2,PV_0081,0,Nature,post,2020,2026,300,OK,
OpenAlex,power_validation,PV_0082_P,PV_0082,1,Life,pre,2009,2018,300,OK,
OpenAlex,power_validation,PV_0082_P,PV_0082,1,Life,post,2020,2026,300,OK,
OpenAlex,power_validation,PV_0082_C1,PV_0082,0,Life,pre,2009,2018,300,OK,
OpenAlex,power_validation,PV_0082_C1,PV_0082,0,Life,post,2020,2026,300,OK,
OpenAlex,power_validation,PV_0082_C2,PV_0082,0,Life,pre,2009,2018,300,OK,
OpenAlex,power_validation,PV_0082_C2,PV_0082,0,Life,post,2020,2026,300,OK,
OpenAlex,power_validation,PV_0083_P,PV_0083,1,Cultures,pre,2009,2018,300,OK,
OpenAlex,power_validation,PV_0083_P,PV_0083,1,Cultures,post,2020,2026,300,OK,
OpenAlex,power_validation,PV_0083_C1,PV_0083,0,Cultures,pre,2009,2018,300,OK,
OpenAlex,power_validation,PV_0083_C1,PV_0083,0,Cultures,post,2020,2026,300,OK,
OpenAlex,power_validation,PV_0083_C2,PV_0083,0,Cultures,pre,2009,2018,300,OK,
OpenAlex,power_validation,PV_0083_C2,PV_0083,0,Cultures,post,2020,2026,300,OK,
OpenAlex,power_validation,PV_0084_P,PV_0084,1,Nature,pre,2009,2018,300,OK,
OpenAlex,power_validation,PV_0084_P,PV_0084,1,Nature,post,2020,2026,300,OK,
OpenAlex,power_validation,PV_0084_C1,PV_0084,0,Nature,pre,2009,2018,300,OK,
OpenAlex,power_validation,PV_0084_C1,PV_0084,0,Nature,post,2020,2026,300,OK,
OpenAlex,power_validation,PV_0084_C2,PV_0084,0,Nature,pre,2009,2018,300,OK,
OpenAlex,power_validation,PV_0084_C2,PV_0084,0,Nature,post,2020,2026,300,OK,
OpenAlex,power_validation,PV_0085_P,PV_0085,1,Cultures,pre,2009,2018,300,OK,
OpenAlex,power_validation,PV_0085_P,PV_0085,1,Cultures,post,2020,2026,300,OK,
OpenAlex,power_validation,PV_0085_C1,PV_0085,0,Cultures,pre,2009,2018,300,OK,
OpenAlex,power_validation,PV_0085_C1,PV_0085,0,Cultures,post,2020,2026,300,OK,
OpenAlex,power_validation,PV_0085_C2,PV_0085,0,Cultures,pre,2009,2018,300,OK,
OpenAlex,power_validation,PV_0085_C2,PV_0085,0,Cultures,post,2020,2026,300,OK,
OpenAlex,power_validation,PV_0086_P,PV_0086,1,Life,pre,2009,2018,300,OK,
OpenAlex,power_validation,PV_0086_P,PV_0086,1,Life,post,2020,2026,300,OK,
OpenAlex,power_validation,PV_0086_C1,PV_0086,0,Life,pre,2009,2018,300,OK,
OpenAlex,power_validation,PV_0086_C1,PV_0086,0,Life,post,2020,2026,300,OK,
OpenAlex,power_validation,PV_0086_C2,PV_0086,0,Life,pre,2009,2018,300,OK,
OpenAlex,power_validation,PV_0086_C2,PV_0086,0,Life,post,2020,2026,300,OK,
OpenAlex,power_validation,PV_0087_P,PV_0087,1,Life,pre,2009,2018,300,OK,
OpenAlex,power_validation,PV_0087_P,PV_0087,1,Life,post,2020,2026,300,OK,
OpenAlex,power_validation,PV_0087_C1,PV_0087,0,Life,pre,2009,2018,300,OK,
OpenAlex,power_validation,PV_0087_C1,PV_0087,0,Life,post,2020,2026,300,OK,
OpenAlex,power_validation,PV_0087_C2,PV_0087,0,Life,pre,2009,2018,300,OK,
OpenAlex,power_validation,PV_0087_C2,PV_0087,0,Life,post,2020,2026,300,OK,
OpenAlex,power_validation,PV_0088_P,PV_0088,1,Nature,pre,2009,2018,300,OK,
OpenAlex,power_validation,PV_0088_P,PV_0088,1,Nature,post,2020,2026,300,OK,
OpenAlex,power_validation,PV_0088_C1,PV_0088,0,Nature,pre,2009,2018,300,OK,
OpenAlex,power_validation,PV_0088_C1,PV_0088,0,Nature,post,2020,2026,300,OK,
OpenAlex,power_validation,PV_0088_C2,PV_0088,0,Nature,pre,2009,2018,300,OK,
OpenAlex,power_validation,PV_0088_C2,PV_0088,0,Nature,post,2020,2026,300,OK,
OpenAlex,power_validation,PV_0089_P,PV_0089,1,Cultures,pre,2009,2018,300,OK,
OpenAlex,power_validation,PV_0089_P,PV_0089,1,Cultures,post,2020,2026,300,OK,
OpenAlex,power_validation,PV_0089_C1,PV_0089,0,Cultures,pre,2009,2018,300,OK,
OpenAlex,power_validation,PV_0089_C1,PV_0089,0,Cultures,post,2020,2026,300,OK,
OpenAlex,power_validation,PV_0089_C2,PV_0089,0,Cultures,pre,2009,2018,300,OK,
OpenAlex,power_validation,PV_0089_C2,PV_0089,0,Cultures,post,2020,2026,300,OK,
OpenAlex,power_validation,PV_0090_P,PV_0090,1,Nature,pre,2009,2018,300,OK,
OpenAlex,power_validation,PV_0090_P,PV_0090,1,Nature,post,2020,2026,300,OK,
OpenAlex,power_validation,PV_0090_C1,PV_0090,0,Nature,pre,2009,2018,300,OK,
OpenAlex,power_validation,PV_0090_C1,PV_0090,0,Nature,post,2020,2026,300,OK,
OpenAlex,power_validation,PV_0090_C2,PV_0090,0,Nature,pre,2009,2018,300,OK,
OpenAlex,power_validation,PV_0090_C2,PV_0090,0,Nature,post,2020,2026,300,OK,
OpenAlex,power_validation,PV_0091_P,PV_0091,1,Cultures,pre,2009,2018,300,OK,
OpenAlex,power_validation,PV_0091_P,PV_0091,1,Cultures,post,2020,2026,300,OK,
OpenAlex,power_validation,PV_0091_C1,PV_0091,0,Cultures,pre,2009,2018,300,OK,
OpenAlex,power_validation,PV_0091_C1,PV_0091,0,Cultures,post,2020,2026,300,OK,
OpenAlex,power_validation,PV_0091_C2,PV_0091,0,Cultures,pre,2009,2018,300,OK,
OpenAlex,power_validation,PV_0091_C2,PV_0091,0,Cultures,post,2020,2026,300,OK,
OpenAlex,power_validation,PV_0092_P,PV_0092,1,Life,pre,2009,2018,300,OK,
OpenAlex,power_validation,PV_0092_P,PV_0092,1,Life,post,2020,2026,300,OK,
OpenAlex,power_validation,PV_0092_C1,PV_0092,0,Life,pre,2009,2018,300,OK,
OpenAlex,power_validation,PV_0092_C1,PV_0092,0,Life,post,2020,2026,300,OK,
OpenAlex,power_validation,PV_0092_C2,PV_0092,0,Life,pre,2009,2018,300,OK,
OpenAlex,power_validation,PV_0092_C2,PV_0092,0,Life,post,2020,2026,300,OK,
OpenAlex,power_validation,PV_0093_P,PV_0093,1,Nature,pre,2009,2018,300,OK,
OpenAlex,power_validation,PV_0093_P,PV_0093,1,Nature,post,2020,2026,300,OK,
OpenAlex,power_validation,PV_0093_C1,PV_0093,0,Nature,pre,2009,2018,300,OK,
OpenAlex,power_validation,PV_0093_C1,PV_0093,0,Nature,post,2020,2026,300,OK,
OpenAlex,power_validation,PV_0093_C2,PV_0093,0,Nature,pre,2009,2018,300,OK,
OpenAlex,power_validation,PV_0093_C2,PV_0093,0,Nature,post,2020,2026,300,OK,
OpenAlex,power_validation,PV_0094_P,PV_0094,1,Life,pre,2009,2018,300,OK,
OpenAlex,power_validation,PV_0094_P,PV_0094,1,Life,post,2020,2026,300,OK,
OpenAlex,power_validation,PV_0094_C1,PV_0094,0,Life,pre,2009,2018,300,OK,
OpenAlex,power_validation,PV_0094_C1,PV_0094,0,Life,post,2020,2026,300,OK,
OpenAlex,power_validation,PV_0094_C2,PV_0094,0,Life,pre,2009,2018,300,OK,
OpenAlex,power_validation,PV_0094_C2,PV_0094,0,Life,post,2020,2026,300,OK,
OpenAlex,power_validation,PV_0095_P,PV_0095,1,Cultures,pre,2009,2018,300,OK,
OpenAlex,power_validation,PV_0095_P,PV_0095,1,Cultures,post,2020,2026,300,OK,
OpenAlex,power_validation,PV_0095_C1,PV_0095,0,Cultures,pre,2009,2018,300,OK,
OpenAlex,power_validation,PV_0095_C1,PV_0095,0,Cultures,post,2020,2026,300,OK,
OpenAlex,power_validation,PV_0095_C2,PV_0095,0,Cultures,pre,2009,2018,300,OK,
OpenAlex,power_validation,PV_0095_C2,PV_0095,0,Cultures,post,2020,2026,300,OK,
OpenAlex,power_validation,PV_0096_P,PV_0096,1,Nature,pre,2009,2018,300,OK,
OpenAlex,power_validation,PV_0096_P,PV_0096,1,Nature,post,2020,2026,300,OK,
OpenAlex,power_validation,PV_0096_C1,PV_0096,0,Nature,pre,2009,2018,300,OK,
OpenAlex,power_validation,PV_0096_C1,PV_0096,0,Nature,post,2020,2026,300,OK,
OpenAlex,power_validation,PV_0096_C2,PV_0096,0,Nature,pre,2009,2018,300,OK,
OpenAlex,power_validation,PV_0096_C2,PV_0096,0,Nature,post,2020,2026,300,OK,
OpenAlex,power_validation,PV_0097_P,PV_0097,1,Life,pre,2009,2018,300,OK,
OpenAlex,power_validation,PV_0097_P,PV_0097,1,Life,post,2020,2026,300,OK,
OpenAlex,power_validation,PV_0097_C1,PV_0097,0,Life,pre,2009,2018,300,OK,
OpenAlex,power_validation,PV_0097_C1,PV_0097,0,Life,post,2020,2026,300,OK,
OpenAlex,power_validation,PV_0097_C2,PV_0097,0,Life,pre,2009,2018,300,OK,
OpenAlex,power_validation,PV_0097_C2,PV_0097,0,Life,post,2020,2026,300,OK,
OpenAlex,power_validation,PV_0098_P,PV_0098,1,Cultures,pre,2009,2018,300,OK,
OpenAlex,power_validation,PV_0098_P,PV_0098,1,Cultures,post,2020,2026,300,OK,
OpenAlex,power_validation,PV_0098_C1,PV_0098,0,Cultures,pre,2009,2018,300,OK,
OpenAlex,power_validation,PV_0098_C1,PV_0098,0,Cultures,post,2020,2026,300,OK,
OpenAlex,power_validation,PV_0098_C2,PV_0098,0,Cultures,pre,2009,2018,300,OK,
OpenAlex,power_validation,PV_0098_C2,PV_0098,0,Cultures,post,2020,2026,300,OK,
OpenAlex,power_validation,PV_0099_P,PV_0099,1,Nature,pre,2009,2018,300,OK,
OpenAlex,power_validation,PV_0099_P,PV_0099,1,Nature,post,2020,2026,300,OK,
OpenAlex,power_validation,PV_0099_C1,PV_0099,0,Nature,pre,2009,2018,300,OK,
OpenAlex,power_validation,PV_0099_C1,PV_0099,0,Nature,post,2020,2026,300,OK,
OpenAlex,power_validation,PV_0099_C2,PV_0099,0,Nature,pre,2009,2018,300,OK,
OpenAlex,power_validation,PV_0099_C2,PV_0099,0,Nature,post,2020,2026,300,OK,
OpenAlex,power_validation,PV_0100_P,PV_0100,1,Life,pre,2009,2018,300,OK,
OpenAlex,power_validation,PV_0100_P,PV_0100,1,Life,post,2020,2026,300,OK,
OpenAlex,power_validation,PV_0100_C1,PV_0100,0,Life,pre,2009,2018,300,OK,
OpenAlex,power_validation,PV_0100_C1,PV_0100,0,Life,post,2020,2026,300,OK,
OpenAlex,power_validation,PV_0100_C2,PV_0100,0,Life,pre,2009,2018,300,OK,
OpenAlex,power_validation,PV_0100_C2,PV_0100,0,Life,post,2020,2026,300,OK,
OpenAlex,power_validation,PV_0101_P,PV_0101,1,Cultures,pre,2009,2018,300,OK,
OpenAlex,power_validation,PV_0101_P,PV_0101,1,Cultures,post,2020,2026,300,OK,
OpenAlex,power_validation,PV_0101_C1,PV_0101,0,Cultures,pre,2009,2018,300,OK,
OpenAlex,power_validation,PV_0101_C1,PV_0101,0,Cultures,post,2020,2026,300,OK,
OpenAlex,power_validation,PV_0101_C2,PV_0101,0,Cultures,pre,2009,2018,300,OK,
OpenAlex,power_validation,PV_0101_C2,PV_0101,0,Cultures,post,2020,2026,300,OK,
OpenAlex,power_validation,PV_0102_P,PV_0102,1,Nature,pre,2009,2018,300,OK,
OpenAlex,power_validation,PV_0102_P,PV_0102,1,Nature,post,2020,2026,300,OK,
OpenAlex,power_validation,PV_0102_C1,PV_0102,0,Nature,pre,2009,2018,300,OK,
OpenAlex,power_validation,PV_0102_C1,PV_0102,0,Nature,post,2020,2026,300,OK,
OpenAlex,power_validation,PV_0102_C2,PV_0102,0,Nature,pre,2009,2018,300,OK,
OpenAlex,power_validation,PV_0102_C2,PV_0102,0,Nature,post,2020,2026,300,OK,
OpenAlex,power_validation,PV_0103_P,PV_0103,1,Life,pre,2009,2018,300,OK,
OpenAlex,power_validation,PV_0103_P,PV_0103,1,Life,post,2020,2026,300,OK,
OpenAlex,power_validation,PV_0103_C1,PV_0103,0,Life,pre,2009,2018,300,OK,
OpenAlex,power_validation,PV_0103_C1,PV_0103,0,Life,post,2020,2026,300,OK,
OpenAlex,power_validation,PV_0103_C2,PV_0103,0,Life,pre,2009,2018,300,OK,
OpenAlex,power_validation,PV_0103_C2,PV_0103,0,Life,post,2020,2026,300,OK,
OpenAlex,power_validation,PV_0104_P,PV_0104,1,Cultures,pre,2009,2018,300,OK,
OpenAlex,power_validation,PV_0104_P,PV_0104,1,Cultures,post,2020,2026,300,OK,
OpenAlex,power_validation,PV_0104_C1,PV_0104,0,Cultures,pre,2009,2018,300,OK,
OpenAlex,power_validation,PV_0104_C1,PV_0104,0,Cultures,post,2020,2026,300,OK,
OpenAlex,power_validation,PV_0104_C2,PV_0104,0,Cultures,pre,2009,2018,300,OK,
OpenAlex,power_validation,PV_0104_C2,PV_0104,0,Cultures,post,2020,2026,300,OK,
OpenAlex,power_validation,PV_0105_P,PV_0105,1,Nature,pre,2009,2018,300,OK,
OpenAlex,power_validation,PV_0105_P,PV_0105,1,Nature,post,2020,2026,300,OK,
OpenAlex,power_validation,PV_0105_C1,PV_0105,0,Nature,pre,2009,2018,300,OK,
OpenAlex,power_validation,PV_0105_C1,PV_0105,0,Nature,post,2020,2026,300,OK,
OpenAlex,power_validation,PV_0105_C2,PV_0105,0,Nature,pre,2009,2018,300,OK,
OpenAlex,power_validation,PV_0105_C2,PV_0105,0,Nature,post,2020,2026,300,OK,
OpenAlex,power_validation,PV_0106_P,PV_0106,1,Cultures,pre,2009,2018,300,OK,
OpenAlex,power_validation,PV_0106_P,PV_0106,1,Cultures,post,2020,2026,300,OK,
OpenAlex,power_validation,PV_0106_C1,PV_0106,0,Cultures,pre,2009,2018,300,OK,
OpenAlex,power_validation,PV_0106_C1,PV_0106,0,Cultures,post,2020,2026,300,OK,
OpenAlex,power_validation,PV_0106_C2,PV_0106,0,Cultures,pre,2009,2018,300,OK,
OpenAlex,power_validation,PV_0106_C2,PV_0106,0,Cultures,post,2020,2026,300,OK,
OpenAlex,power_validation,PV_0107_P,PV_0107,1,Life,pre,2009,2018,300,OK,
OpenAlex,power_validation,PV_0107_P,PV_0107,1,Life,post,2020,2026,300,OK,
OpenAlex,power_validation,PV_0107_C1,PV_0107,0,Life,pre,2009,2018,300,OK,
OpenAlex,power_validation,PV_0107_C1,PV_0107,0,Life,post,2020,2026,300,OK,
OpenAlex,power_validation,PV_0107_C2,PV_0107,0,Life,pre,2009,2018,300,OK,
OpenAlex,power_validation,PV_0107_C2,PV_0107,0,Life,post,2020,2026,300,OK,
OpenAlex,power_validation,PV_0108_P,PV_0108,1,Nature,pre,2009,2018,300,OK,
OpenAlex,power_validation,PV_0108_P,PV_0108,1,Nature,post,2020,2026,300,OK,
OpenAlex,power_validation,PV_0108_C1,PV_0108,0,Nature,pre,2009,2018,300,OK,
OpenAlex,power_validation,PV_0108_C1,PV_0108,0,Nature,post,2020,2026,300,OK,
OpenAlex,power_validation,PV_0108_C2,PV_0108,0,Nature,pre,2009,2018,300,OK,
OpenAlex,power_validation,PV_0108_C2,PV_0108,0,Nature,post,2020,2026,300,OK,
OpenAlex,power_validation,PV_0109_P,PV_0109,1,Life,pre,2009,2018,300,OK,
OpenAlex,power_validation,PV_0109_P,PV_0109,1,Life,post,2020,2026,300,OK,
OpenAlex,power_validation,PV_0109_C1,PV_0109,0,Life,pre,2009,2018,300,OK,
OpenAlex,power_validation,PV_0109_C1,PV_0109,0,Life,post,2020,2026,300,OK,
OpenAlex,power_validation,PV_0109_C2,PV_0109,0,Life,pre,2009,2018,300,OK,
OpenAlex,power_validation,PV_0109_C2,PV_0109,0,Life,post,2020,2026,300,OK,
OpenAlex,power_validation,PV_0110_P,PV_0110,1,Cultures,pre,2009,2018,300,OK,
OpenAlex,power_validation,PV_0110_P,PV_0110,1,Cultures,post,2020,2026,300,OK,
OpenAlex,power_validation,PV_0110_C1,PV_0110,0,Cultures,pre,2009,2018,300,OK,
OpenAlex,power_validation,PV_0110_C1,PV_0110,0,Cultures,post,2020,2026,300,OK,
OpenAlex,power_validation,PV_0110_C2,PV_0110,0,Cultures,pre,2009,2018,300,OK,
OpenAlex,power_validation,PV_0110_C2,PV_0110,0,Cultures,post,2020,2026,300,OK,
OpenAlex,power_validation,PV_0111_P,PV_0111,1,Nature,pre,2009,2018,300,OK,
OpenAlex,power_validation,PV_0111_P,PV_0111,1,Nature,post,2020,2026,300,OK,
OpenAlex,power_validation,PV_0111_C1,PV_0111,0,Nature,pre,2009,2018,300,OK,
OpenAlex,power_validation,PV_0111_C1,PV_0111,0,Nature,post,2020,2026,300,OK,
OpenAlex,power_validation,PV_0111_C2,PV_0111,0,Nature,pre,2009,2018,300,OK,
OpenAlex,power_validation,PV_0111_C2,PV_0111,0,Nature,post,2020,2026,300,OK,
OpenAlex,power_validation,PV_0112_P,PV_0112,1,Cultures,pre,2009,2018,300,OK,
OpenAlex,power_validation,PV_0112_P,PV_0112,1,Cultures,post,2020,2026,300,OK,
OpenAlex,power_validation,PV_0112_C1,PV_0112,0,Cultures,pre,2009,2018,300,OK,
OpenAlex,power_validation,PV_0112_C1,PV_0112,0,Cultures,post,2020,2026,300,OK,
OpenAlex,power_validation,PV_0112_C2,PV_0112,0,Cultures,pre,2009,2018,300,OK,
OpenAlex,power_validation,PV_0112_C2,PV_0112,0,Cultures,post,2020,2026,299,OK,
OpenAlex,power_validation,PV_0113_P,PV_0113,1,Life,pre,2009,2018,300,OK,
OpenAlex,power_validation,PV_0113_P,PV_0113,1,Life,post,2020,2026,300,OK,
OpenAlex,power_validation,PV_0113_C1,PV_0113,0,Life,pre,2009,2018,300,OK,
OpenAlex,power_validation,PV_0113_C1,PV_0113,0,Life,post,2020,2026,300,OK,
OpenAlex,power_validation,PV_0113_C2,PV_0113,0,Life,pre,2009,2018,300,OK,
OpenAlex,power_validation,PV_0113_C2,PV_0113,0,Life,post,2020,2026,300,OK,
OpenAlex,power_validation,PV_0114_P,PV_0114,1,Nature,pre,2009,2018,300,OK,
OpenAlex,power_validation,PV_0114_P,PV_0114,1,Nature,post,2020,2026,300,OK,
OpenAlex,power_validation,PV_0114_C1,PV_0114,0,Nature,pre,2009,2018,300,OK,
OpenAlex,power_validation,PV_0114_C1,PV_0114,0,Nature,post,2020,2026,300,OK,
OpenAlex,power_validation,PV_0114_C2,PV_0114,0,Nature,pre,2009,2018,300,OK,
OpenAlex,power_validation,PV_0114_C2,PV_0114,0,Nature,post,2020,2026,300,OK,
OpenAlex,power_validation,PV_0115_P,PV_0115,1,Life,pre,2009,2018,300,OK,
OpenAlex,power_validation,PV_0115_P,PV_0115,1,Life,post,2020,2026,300,OK,
OpenAlex,power_validation,PV_0115_C1,PV_0115,0,Life,pre,2009,2018,300,OK,
OpenAlex,power_validation,PV_0115_C1,PV_0115,0,Life,post,2020,2026,300,OK,
OpenAlex,power_validation,PV_0115_C2,PV_0115,0,Life,pre,2009,2018,300,OK,
OpenAlex,power_validation,PV_0115_C2,PV_0115,0,Life,post,2020,2026,300,OK,
OpenAlex,power_validation,PV_0116_P,PV_0116,1,Cultures,pre,2009,2018,300,OK,
OpenAlex,power_validation,PV_0116_P,PV_0116,1,Cultures,post,2020,2026,300,OK,
OpenAlex,power_validation,PV_0116_C1,PV_0116,0,Cultures,pre,2009,2018,300,OK,
OpenAlex,power_validation,PV_0116_C1,PV_0116,0,Cultures,post,2020,2026,300,OK,
OpenAlex,power_validation,PV_0116_C2,PV_0116,0,Cultures,pre,2009,2018,300,OK,
OpenAlex,power_validation,PV_0116_C2,PV_0116,0,Cultures,post,2020,2026,300,OK,
OpenAlex,power_validation,PV_0117_P,PV_0117,1,Nature,pre,2009,2018,300,OK,
OpenAlex,power_validation,PV_0117_P,PV_0117,1,Nature,post,2020,2026,300,OK,
OpenAlex,power_validation,PV_0117_C1,PV_0117,0,Nature,pre,2009,2018,300,OK,
OpenAlex,power_validation,PV_0117_C1,PV_0117,0,Nature,post,2020,2026,300,OK,
OpenAlex,power_validation,PV_0117_C2,PV_0117,0,Nature,pre,2009,2018,300,OK,
OpenAlex,power_validation,PV_0117_C2,PV_0117,0,Nature,post,2020,2026,300,OK,
OpenAlex,power_validation,PV_0118_P,PV_0118,1,Cultures,pre,2009,2018,300,OK,
OpenAlex,power_validation,PV_0118_P,PV_0118,1,Cultures,post,2020,2026,300,OK,
OpenAlex,power_validation,PV_0118_C1,PV_0118,0,Cultures,pre,2009,2018,300,OK,
OpenAlex,power_validation,PV_0118_C1,PV_0118,0,Cultures,post,2020,2026,300,OK,
OpenAlex,power_validation,PV_0118_C2,PV_0118,0,Cultures,pre,2009,2018,300,OK,
OpenAlex,power_validation,PV_0118_C2,PV_0118,0,Cultures,post,2020,2026,300,OK,
OpenAlex,power_validation,PV_0119_P,PV_0119,1,Life,pre,2009,2018,300,OK,
OpenAlex,power_validation,PV_0119_P,PV_0119,1,Life,post,2020,2026,300,OK,
OpenAlex,power_validation,PV_0119_C1,PV_0119,0,Life,pre,2009,2018,300,OK,
OpenAlex,power_validation,PV_0119_C1,PV_0119,0,Life,post,2020,2026,300,OK,
OpenAlex,power_validation,PV_0119_C2,PV_0119,0,Life,pre,2009,2018,300,OK,
OpenAlex,power_validation,PV_0119_C2,PV_0119,0,Life,post,2020,2026,300,OK,
PubMed,power_validation,PV_0001_P,PV_0001,1,Life,pre,2009,2018,250,OK,
PubMed,power_validation,PV_0001_P,PV_0001,1,Life,post,2020,2026,250,OK,
PubMed,power_validation,PV_0001_C1,PV_0001,0,Life,pre,2009,2018,3,OK,
PubMed,power_validation,PV_0001_C1,PV_0001,0,Life,post,2020,2026,2,OK,
PubMed,power_validation,PV_0001_C2,PV_0001,0,Life,pre,2009,2018,96,OK,
PubMed,power_validation,PV_0001_C2,PV_0001,0,Life,post,2020,2026,86,OK,
PubMed,power_validation,PV_0003_P,PV_0003,1,Life,pre,2009,2018,0,OK,
PubMed,power_validation,PV_0003_P,PV_0003,1,Life,post,2020,2026,51,OK,
PubMed,power_validation,PV_0003_C1,PV_0003,0,Life,pre,2009,2018,248,OK,
PubMed,power_validation,PV_0003_C1,PV_0003,0,Life,post,2020,2026,250,OK,
PubMed,power_validation,PV_0003_C2,PV_0003,0,Life,pre,2009,2018,6,OK,
PubMed,power_validation,PV_0003_C2,PV_0003,0,Life,post,2020,2026,11,OK,
PubMed,power_validation,PV_0006_P,PV_0006,1,Life,pre,2009,2018,249,OK,
PubMed,power_validation,PV_0006_P,PV_0006,1,Life,post,2020,2026,250,OK,
PubMed,power_validation,PV_0006_C1,PV_0006,0,Life,pre,2009,2018,250,OK,
PubMed,power_validation,PV_0006_C1,PV_0006,0,Life,post,2020,2026,250,OK,
PubMed,power_validation,PV_0006_C2,PV_0006,0,Life,pre,2009,2018,250,OK,
PubMed,power_validation,PV_0006_C2,PV_0006,0,Life,post,2020,2026,250,OK,
PubMed,power_validation,PV_0009_P,PV_0009,1,Life,pre,2009,2018,250,OK,
PubMed,power_validation,PV_0009_P,PV_0009,1,Life,post,2020,2026,249,OK,
PubMed,power_validation,PV_0009_C1,PV_0009,0,Life,pre,2009,2018,2,OK,
PubMed,power_validation,PV_0009_C1,PV_0009,0,Life,post,2020,2026,1,OK,
PubMed,power_validation,PV_0009_C2,PV_0009,0,Life,pre,2009,2018,250,OK,
PubMed,power_validation,PV_0009_C2,PV_0009,0,Life,post,2020,2026,250,OK,
PubMed,power_validation,PV_0012_P,PV_0012,1,Life,pre,2009,2018,250,OK,
PubMed,power_validation,PV_0012_P,PV_0012,1,Life,post,2020,2026,250,OK,
PubMed,power_validation,PV_0012_C1,PV_0012,0,Life,pre,2009,2018,248,OK,
PubMed,power_validation,PV_0012_C1,PV_0012,0,Life,post,2020,2026,250,OK,
PubMed,power_validation,PV_0012_C2,PV_0012,0,Life,pre,2009,2018,250,OK,
PubMed,power_validation,PV_0012_C2,PV_0012,0,Life,post,2020,2026,250,OK,
PubMed,power_validation,PV_0015_P,PV_0015,1,Life,pre,2009,2018,250,OK,
PubMed,power_validation,PV_0015_P,PV_0015,1,Life,post,2020,2026,250,OK,
PubMed,power_validation,PV_0015_C1,PV_0015,0,Life,pre,2009,2018,250,OK,
PubMed,power_validation,PV_0015_C1,PV_0015,0,Life,post,2020,2026,250,OK,
PubMed,power_validation,PV_0015_C2,PV_0015,0,Life,pre,2009,2018,218,OK,
PubMed,power_validation,PV_0015_C2,PV_0015,0,Life,post,2020,2026,250,OK,
PubMed,power_validation,PV_0018_P,PV_0018,1,Life,pre,2009,2018,249,OK,
PubMed,power_validation,PV_0018_P,PV_0018,1,Life,post,2020,2026,250,OK,
PubMed,power_validation,PV_0018_C1,PV_0018,0,Life,pre,2009,2018,38,OK,
PubMed,power_validation,PV_0018_C1,PV_0018,0,Life,post,2020,2026,35,OK,
PubMed,power_validation,PV_0018_C2,PV_0018,0,Life,pre,2009,2018,249,OK,
PubMed,power_validation,PV_0018_C2,PV_0018,0,Life,post,2020,2026,250,OK,
PubMed,power_validation,PV_0023_P,PV_0023,1,Life,pre,2009,2018,3,OK,
PubMed,power_validation,PV_0023_P,PV_0023,1,Life,post,2020,2026,6,OK,
PubMed,power_validation,PV_0023_C1,PV_0023,0,Life,pre,2009,2018,246,OK,
PubMed,power_validation,PV_0023_C1,PV_0023,0,Life,post,2020,2026,245,OK,
PubMed,power_validation,PV_0023_C2,PV_0023,0,Life,pre,2009,2018,3,OK,
PubMed,power_validation,PV_0023_C2,PV_0023,0,Life,post,2020,2026,15,OK,
PubMed,power_validation,PV_0024_P,PV_0024,1,Life,pre,2009,2018,250,OK,
PubMed,power_validation,PV_0024_P,PV_0024,1,Life,post,2020,2026,250,OK,
PubMed,power_validation,PV_0024_C1,PV_0024,0,Life,pre,2009,2018,249,OK,
PubMed,power_validation,PV_0024_C1,PV_0024,0,Life,post,2020,2026,247,OK,
PubMed,power_validation,PV_0024_C2,PV_0024,0,Life,pre,2009,2018,250,OK,
PubMed,power_validation,PV_0024_C2,PV_0024,0,Life,post,2020,2026,229,OK,
PubMed,power_validation,PV_0028_P,PV_0028,1,Life,pre,2009,2018,250,OK,
PubMed,power_validation,PV_0028_P,PV_0028,1,Life,post,2020,2026,250,OK,
PubMed,power_validation,PV_0028_C1,PV_0028,0,Life,pre,2009,2018,106,OK,
PubMed,power_validation,PV_0028_C1,PV_0028,0,Life,post,2020,2026,60,OK,
PubMed,power_validation,PV_0028_C2,PV_0028,0,Life,pre,2009,2018,250,OK,
PubMed,power_validation,PV_0028_C2,PV_0028,0,Life,post,2020,2026,250,OK,
PubMed,power_validation,PV_0030_P,PV_0030,1,Life,pre,2009,2018,155,OK,
PubMed,power_validation,PV_0030_P,PV_0030,1,Life,post,2020,2026,176,OK,
PubMed,power_validation,PV_0030_C1,PV_0030,0,Life,pre,2009,2018,12,OK,
PubMed,power_validation,PV_0030_C1,PV_0030,0,Life,post,2020,2026,4,OK,
PubMed,power_validation,PV_0030_C2,PV_0030,0,Life,pre,2009,2018,248,OK,
PubMed,power_validation,PV_0030_C2,PV_0030,0,Life,post,2020,2026,250,OK,
PubMed,power_validation,PV_0033_P,PV_0033,1,Life,pre,2009,2018,247,OK,
PubMed,power_validation,PV_0033_P,PV_0033,1,Life,post,2020,2026,250,OK,
PubMed,power_validation,PV_0033_C1,PV_0033,0,Life,pre,2009,2018,249,OK,
PubMed,power_validation,PV_0033_C1,PV_0033,0,Life,post,2020,2026,249,OK,
PubMed,power_validation,PV_0033_C2,PV_0033,0,Life,pre,2009,2018,250,OK,
PubMed,power_validation,PV_0033_C2,PV_0033,0,Life,post,2020,2026,248,OK,
PubMed,power_validation,PV_0036_P,PV_0036,1,Life,pre,2009,2018,2,OK,
PubMed,power_validation,PV_0036_P,PV_0036,1,Life,post,2020,2026,26,OK,
PubMed,power_validation,PV_0036_C1,PV_0036,0,Life,pre,2009,2018,250,OK,
PubMed,power_validation,PV_0036_C1,PV_0036,0,Life,post,2020,2026,250,OK,
PubMed,power_validation,PV_0036_C2,PV_0036,0,Life,pre,2009,2018,250,OK,
PubMed,power_validation,PV_0036_C2,PV_0036,0,Life,post,2020,2026,250,OK,
PubMed,power_validation,PV_0039_P,PV_0039,1,Life,pre,2009,2018,250,OK,
PubMed,power_validation,PV_0039_P,PV_0039,1,Life,post,2020,2026,250,OK,
PubMed,power_validation,PV_0039_C1,PV_0039,0,Life,pre,2009,2018,250,OK,
PubMed,power_validation,PV_0039_C1,PV_0039,0,Life,post,2020,2026,250,OK,
PubMed,power_validation,PV_0039_C2,PV_0039,0,Life,pre,2009,2018,250,OK,
PubMed,power_validation,PV_0039_C2,PV_0039,0,Life,post,2020,2026,250,OK,
PubMed,power_validation,PV_0044_P,PV_0044,1,Life,pre,2009,2018,250,OK,
PubMed,power_validation,PV_0044_P,PV_0044,1,Life,post,2020,2026,250,OK,
PubMed,power_validation,PV_0044_C1,PV_0044,0,Life,pre,2009,2018,236,OK,
PubMed,power_validation,PV_0044_C1,PV_0044,0,Life,post,2020,2026,250,OK,
PubMed,power_validation,PV_0044_C2,PV_0044,0,Life,pre,2009,2018,250,OK,
PubMed,power_validation,PV_0044_C2,PV_0044,0,Life,post,2020,2026,250,OK,
PubMed,power_validation,PV_0045_P,PV_0045,1,Life,pre,2009,2018,250,OK,
PubMed,power_validation,PV_0045_P,PV_0045,1,Life,post,2020,2026,250,OK,
PubMed,power_validation,PV_0045_C1,PV_0045,0,Life,pre,2009,2018,234,OK,
PubMed,power_validation,PV_0045_C1,PV_0045,0,Life,post,2020,2026,250,OK,
PubMed,power_validation,PV_0045_C2,PV_0045,0,Life,pre,2009,2018,250,OK,
PubMed,power_validation,PV_0045_C2,PV_0045,0,Life,post,2020,2026,250,OK,
PubMed,power_validation,PV_0049_P,PV_0049,1,Life,pre,2009,2018,250,OK,
PubMed,power_validation,PV_0049_P,PV_0049,1,Life,post,2020,2026,250,OK,
PubMed,power_validation,PV_0049_C1,PV_0049,0,Life,pre,2009,2018,248,OK,
PubMed,power_validation,PV_0049_C1,PV_0049,0,Life,post,2020,2026,249,OK,
PubMed,power_validation,PV_0049_C2,PV_0049,0,Life,pre,2009,2018,247,OK,
PubMed,power_validation,PV_0049_C2,PV_0049,0,Life,post,2020,2026,250,OK,
PubMed,power_validation,PV_0051_P,PV_0051,1,Life,pre,2009,2018,249,OK,
PubMed,power_validation,PV_0051_P,PV_0051,1,Life,post,2020,2026,249,OK,
PubMed,power_validation,PV_0051_C1,PV_0051,0,Life,pre,2009,2018,2,OK,
PubMed,power_validation,PV_0051_C1,PV_0051,0,Life,post,2020,2026,0,OK,
PubMed,power_validation,PV_0051_C2,PV_0051,0,Life,pre,2009,2018,2,OK,
PubMed,power_validation,PV_0051_C2,PV_0051,0,Life,post,2020,2026,1,OK,
PubMed,power_validation,PV_0055_P,PV_0055,1,Life,pre,2009,2018,249,OK,
PubMed,power_validation,PV_0055_P,PV_0055,1,Life,post,2020,2026,246,OK,
PubMed,power_validation,PV_0055_C1,PV_0055,0,Life,pre,2009,2018,247,OK,
PubMed,power_validation,PV_0055_C1,PV_0055,0,Life,post,2020,2026,250,OK,
PubMed,power_validation,PV_0055_C2,PV_0055,0,Life,pre,2009,2018,250,OK,
PubMed,power_validation,PV_0055_C2,PV_0055,0,Life,post,2020,2026,250,OK,
PubMed,power_validation,PV_0058_P,PV_0058,1,Life,pre,2009,2018,249,OK,
PubMed,power_validation,PV_0058_P,PV_0058,1,Life,post,2020,2026,250,OK,
PubMed,power_validation,PV_0058_C1,PV_0058,0,Life,pre,2009,2018,130,OK,
PubMed,power_validation,PV_0058_C1,PV_0058,0,Life,post,2020,2026,99,OK,
PubMed,power_validation,PV_0058_C2,PV_0058,0,Life,pre,2009,2018,250,OK,
PubMed,power_validation,PV_0058_C2,PV_0058,0,Life,post,2020,2026,250,OK,
PubMed,power_validation,PV_0060_P,PV_0060,1,Life,pre,2009,2018,54,OK,
PubMed,power_validation,PV_0060_P,PV_0060,1,Life,post,2020,2026,49,OK,
PubMed,power_validation,PV_0060_C1,PV_0060,0,Life,pre,2009,2018,250,OK,
PubMed,power_validation,PV_0060_C1,PV_0060,0,Life,post,2020,2026,249,OK,
PubMed,power_validation,PV_0060_C2,PV_0060,0,Life,pre,2009,2018,249,OK,
PubMed,power_validation,PV_0060_C2,PV_0060,0,Life,post,2020,2026,249,OK,
PubMed,power_validation,PV_0065_P,PV_0065,1,Life,pre,2009,2018,249,OK,
PubMed,power_validation,PV_0065_P,PV_0065,1,Life,post,2020,2026,250,OK,
PubMed,power_validation,PV_0065_C1,PV_0065,0,Life,pre,2009,2018,250,OK,
PubMed,power_validation,PV_0065_C1,PV_0065,0,Life,post,2020,2026,249,OK,
PubMed,power_validation,PV_0065_C2,PV_0065,0,Life,pre,2009,2018,250,OK,
PubMed,power_validation,PV_0065_C2,PV_0065,0,Life,post,2020,2026,250,OK,
PubMed,power_validation,PV_0066_P,PV_0066,1,Life,pre,2009,2018,248,OK,
PubMed,power_validation,PV_0066_P,PV_0066,1,Life,post,2020,2026,250,OK,
PubMed,power_validation,PV_0066_C1,PV_0066,0,Life,pre,2009,2018,250,OK,
PubMed,power_validation,PV_0066_C1,PV_0066,0,Life,post,2020,2026,250,OK,
PubMed,power_validation,PV_0066_C2,PV_0066,0,Life,pre,2009,2018,250,OK,
PubMed,power_validation,PV_0066_C2,PV_0066,0,Life,post,2020,2026,249,OK,
PubMed,power_validation,PV_0071_P,PV_0071,1,Life,pre,2009,2018,250,OK,
PubMed,power_validation,PV_0071_P,PV_0071,1,Life,post,2020,2026,250,OK,
PubMed,power_validation,PV_0071_C1,PV_0071,0,Life,pre,2009,2018,250,OK,
PubMed,power_validation,PV_0071_C1,PV_0071,0,Life,post,2020,2026,249,OK,
PubMed,power_validation,PV_0071_C2,PV_0071,0,Life,pre,2009,2018,248,OK,
PubMed,power_validation,PV_0071_C2,PV_0071,0,Life,post,2020,2026,250,OK,
PubMed,power_validation,PV_0072_P,PV_0072,1,Life,pre,2009,2018,249,OK,
PubMed,power_validation,PV_0072_P,PV_0072,1,Life,post,2020,2026,250,OK,
PubMed,power_validation,PV_0072_C1,PV_0072,0,Life,pre,2009,2018,250,OK,
PubMed,power_validation,PV_0072_C1,PV_0072,0,Life,post,2020,2026,250,OK,
PubMed,power_validation,PV_0072_C2,PV_0072,0,Life,pre,2009,2018,248,OK,
PubMed,power_validation,PV_0072_C2,PV_0072,0,Life,post,2020,2026,246,OK,
PubMed,power_validation,PV_0076_P,PV_0076,1,Life,pre,2009,2018,7,OK,
PubMed,power_validation,PV_0076_P,PV_0076,1,Life,post,2020,2026,14,OK,
PubMed,power_validation,PV_0076_C1,PV_0076,0,Life,pre,2009,2018,250,OK,
PubMed,power_validation,PV_0076_C1,PV_0076,0,Life,post,2020,2026,250,OK,
PubMed,power_validation,PV_0076_C2,PV_0076,0,Life,pre,2009,2018,249,OK,
PubMed,power_validation,PV_0076_C2,PV_0076,0,Life,post,2020,2026,250,OK,
PubMed,power_validation,PV_0079_P,PV_0079,1,Life,pre,2009,2018,250,OK,
PubMed,power_validation,PV_0079_P,PV_0079,1,Life,post,2020,2026,250,OK,
PubMed,power_validation,PV_0079_C1,PV_0079,0,Life,pre,2009,2018,250,OK,
PubMed,power_validation,PV_0079_C1,PV_0079,0,Life,post,2020,2026,250,OK,
PubMed,power_validation,PV_0079_C2,PV_0079,0,Life,pre,2009,2018,228,OK,
PubMed,power_validation,PV_0079_C2,PV_0079,0,Life,post,2020,2026,250,OK,
PubMed,power_validation,PV_0082_P,PV_0082,1,Life,pre,2009,2018,248,OK,
PubMed,power_validation,PV_0082_P,PV_0082,1,Life,post,2020,2026,243,OK,
PubMed,power_validation,PV_0082_C1,PV_0082,0,Life,pre,2009,2018,250,OK,
PubMed,power_validation,PV_0082_C1,PV_0082,0,Life,post,2020,2026,243,OK,
PubMed,power_validation,PV_0082_C2,PV_0082,0,Life,pre,2009,2018,249,OK,
PubMed,power_validation,PV_0082_C2,PV_0082,0,Life,post,2020,2026,250,OK,
PubMed,power_validation,PV_0086_P,PV_0086,1,Life,pre,2009,2018,250,OK,
PubMed,power_validation,PV_0086_P,PV_0086,1,Life,post,2020,2026,250,OK,
PubMed,power_validation,PV_0086_C1,PV_0086,0,Life,pre,2009,2018,250,OK,
PubMed,power_validation,PV_0086_C1,PV_0086,0,Life,post,2020,2026,250,OK,
PubMed,power_validation,PV_0086_C2,PV_0086,0,Life,pre,2009,2018,250,OK,
PubMed,power_validation,PV_0086_C2,PV_0086,0,Life,post,2020,2026,249,OK,
PubMed,power_validation,PV_0087_P,PV_0087,1,Life,pre,2009,2018,250,OK,
PubMed,power_validation,PV_0087_P,PV_0087,1,Life,post,2020,2026,250,OK,
PubMed,power_validation,PV_0087_C1,PV_0087,0,Life,pre,2009,2018,250,OK,
PubMed,power_validation,PV_0087_C1,PV_0087,0,Life,post,2020,2026,250,OK,
PubMed,power_validation,PV_0087_C2,PV_0087,0,Life,pre,2009,2018,250,OK,
PubMed,power_validation,PV_0087_C2,PV_0087,0,Life,post,2020,2026,248,OK,
PubMed,power_validation,PV_0092_P,PV_0092,1,Life,pre,2009,2018,250,OK,
PubMed,power_validation,PV_0092_P,PV_0092,1,Life,post,2020,2026,250,OK,
PubMed,power_validation,PV_0092_C1,PV_0092,0,Life,pre,2009,2018,250,OK,
PubMed,power_validation,PV_0092_C1,PV_0092,0,Life,post,2020,2026,250,OK,
PubMed,power_validation,PV_0092_C2,PV_0092,0,Life,pre,2009,2018,245,OK,
PubMed,power_validation,PV_0092_C2,PV_0092,0,Life,post,2020,2026,250,OK,
PubMed,power_validation,PV_0094_P,PV_0094,1,Life,pre,2009,2018,250,OK,
PubMed,power_validation,PV_0094_P,PV_0094,1,Life,post,2020,2026,250,OK,
PubMed,power_validation,PV_0094_C1,PV_0094,0,Life,pre,2009,2018,250,OK,
PubMed,power_validation,PV_0094_C1,PV_0094,0,Life,post,2020,2026,250,OK,
PubMed,power_validation,PV_0094_C2,PV_0094,0,Life,pre,2009,2018,247,OK,
PubMed,power_validation,PV_0094_C2,PV_0094,0,Life,post,2020,2026,250,OK,
PubMed,power_validation,PV_0097_P,PV_0097,1,Life,pre,2009,2018,249,OK,
PubMed,power_validation,PV_0097_P,PV_0097,1,Life,post,2020,2026,250,OK,
PubMed,power_validation,PV_0097_C1,PV_0097,0,Life,pre,2009,2018,250,OK,
PubMed,power_validation,PV_0097_C1,PV_0097,0,Life,post,2020,2026,250,OK,
PubMed,power_validation,PV_0097_C2,PV_0097,0,Life,pre,2009,2018,241,OK,
PubMed,power_validation,PV_0097_C2,PV_0097,0,Life,post,2020,2026,250,OK,
PubMed,power_validation,PV_0100_P,PV_0100,1,Life,pre,2009,2018,250,OK,
PubMed,power_validation,PV_0100_P,PV_0100,1,Life,post,2020,2026,250,OK,
PubMed,power_validation,PV_0100_C1,PV_0100,0,Life,pre,2009,2018,250,OK,
PubMed,power_validation,PV_0100_C1,PV_0100,0,Life,post,2020,2026,250,OK,
PubMed,power_validation,PV_0100_C2,PV_0100,0,Life,pre,2009,2018,250,OK,
PubMed,power_validation,PV_0100_C2,PV_0100,0,Life,post,2020,2026,249,OK,
PubMed,power_validation,PV_0103_P,PV_0103,1,Life,pre,2009,2018,248,OK,
PubMed,power_validation,PV_0103_P,PV_0103,1,Life,post,2020,2026,250,OK,
PubMed,power_validation,PV_0103_C1,PV_0103,0,Life,pre,2009,2018,244,OK,
PubMed,power_validation,PV_0103_C1,PV_0103,0,Life,post,2020,2026,250,OK,
PubMed,power_validation,PV_0103_C2,PV_0103,0,Life,pre,2009,2018,244,OK,
PubMed,power_validation,PV_0103_C2,PV_0103,0,Life,post,2020,2026,240,OK,
PubMed,power_validation,PV_0107_P,PV_0107,1,Life,pre,2009,2018,250,OK,
PubMed,power_validation,PV_0107_P,PV_0107,1,Life,post,2020,2026,250,OK,
PubMed,power_validation,PV_0107_C1,PV_0107,0,Life,pre,2009,2018,0,OK,
PubMed,power_validation,PV_0107_C1,PV_0107,0,Life,post,2020,2026,0,OK,
PubMed,power_validation,PV_0107_C2,PV_0107,0,Life,pre,2009,2018,250,OK,
PubMed,power_validation,PV_0107_C2,PV_0107,0,Life,post,2020,2026,249,OK,
PubMed,power_validation,PV_0109_P,PV_0109,1,Life,pre,2009,2018,45,OK,
PubMed,power_validation,PV_0109_P,PV_0109,1,Life,post,2020,2026,53,OK,
PubMed,power_validation,PV_0109_C1,PV_0109,0,Life,pre,2009,2018,248,OK,
PubMed,power_validation,PV_0109_C1,PV_0109,0,Life,post,2020,2026,248,OK,
PubMed,power_validation,PV_0109_C2,PV_0109,0,Life,pre,2009,2018,41,OK,
PubMed,power_validation,PV_0109_C2,PV_0109,0,Life,post,2020,2026,21,OK,
PubMed,power_validation,PV_0113_P,PV_0113,1,Life,pre,2009,2018,155,OK,
PubMed,power_validation,PV_0113_P,PV_0113,1,Life,post,2020,2026,249,OK,
PubMed,power_validation,PV_0113_C1,PV_0113,0,Life,pre,2009,2018,250,OK,
PubMed,power_validation,PV_0113_C1,PV_0113,0,Life,post,2020,2026,250,OK,
PubMed,power_validation,PV_0113_C2,PV_0113,0,Life,pre,2009,2018,249,OK,
PubMed,power_validation,PV_0113_C2,PV_0113,0,Life,post,2020,2026,248,OK,
PubMed,power_validation,PV_0115_P,PV_0115,1,Life,pre,2009,2018,250,OK,
PubMed,power_validation,PV_0115_P,PV_0115,1,Life,post,2020,2026,250,OK,
PubMed,power_validation,PV_0115_C1,PV_0115,0,Life,pre,2009,2018,250,OK,
PubMed,power_validation,PV_0115_C1,PV_0115,0,Life,post,2020,2026,250,OK,
PubMed,power_validation,PV_0115_C2,PV_0115,0,Life,pre,2009,2018,249,OK,
PubMed,power_validation,PV_0115_C2,PV_0115,0,Life,post,2020,2026,250,OK,
PubMed,power_validation,PV_0119_P,PV_0119,1,Life,pre,2009,2018,250,OK,
PubMed,power_validation,PV_0119_P,PV_0119,1,Life,post,2020,2026,250,OK,
PubMed,power_validation,PV_0119_C1,PV_0119,0,Life,pre,2009,2018,250,OK,
PubMed,power_validation,PV_0119_C1,PV_0119,0,Life,post,2020,2026,250,OK,
PubMed,power_validation,PV_0119_C2,PV_0119,0,Life,pre,2009,2018,250,OK,
PubMed,power_validation,PV_0119_C2,PV_0119,0,Life,post,2020,2026,232,OK,
