source,cohort,region_id,match_case_id,label,target,domain,book_realm,landmark_year,post_docs,post_growth,topic_diffusion,normalization_index,post_adoption,transformation
OpenAlex,landmark,crispr,crispr,CRISPR-Cas genome editing,1,Life Sciences,Life,2012,600,0.5927021696252465,0.44539259400588116,0.8637085913658149,0.6152547905426714,0.6292645363849035
OpenAlex,landmark,ips,ips,Induced pluripotent stem cells,1,Life Sciences,Life,2006,600,0.5685903500473036,0.4637715068574803,0.768980608993392,0.9775753647302573,0.6947294576571084
OpenAlex,landmark,mrna,mrna,mRNA vaccine technology,1,Life Sciences,Life,2020,600,0.5,0.4623987065323683,0.425557483188341,0.3736568589758522,0.4404032621741404
OpenAlex,landmark,alphafold2,alphafold2,AlphaFold2 protein structure prediction,1,Life Sciences,Life,2021,600,0.7410604192355117,0.5271003631268986,0.568936142958188,0.24250444529035856,0.5199003426527392
OpenAlex,landmark,singlecell,singlecell,Single-cell RNA sequencing,1,Life Sciences,Life,2009,600,0.5,0.4887857590711287,0.6066693561082115,0.9058744486503012,0.6253323909574103
OpenAlex,landmark,rnai,rnai,RNA interference,1,Life Sciences,Life,1998,600,0.8143631436314362,0.4362920824897204,0.6465529859919191,0.9790078011045642,0.7190540033044099
OpenAlex,landmark,graphene,graphene,Graphene isolation,1,Physical Sciences,Nature,2004,600,0.8266850068775791,0.42505252759420326,0.6871151515389216,0.9448455278662835,0.7209245534692468
OpenAlex,landmark,transformer,transformer,Transformer architecture,1,Computer Science,Machines,2017,600,0.5158798283261802,0.4679442885055321,0.47079261453924787,0.13863478000210674,0.39831287784326674
OpenAlex,landmark,resnet,resnet,Deep residual networks,1,Computer Science,Machines,2015,600,0.5,0.4898558916700027,0.52497918747894,0.3457717693915951,0.46515171213513445
OpenAlex,landmark,diffusion,diffusion,Diffusion generative models,1,Computer Science,Machines,2020,600,0.6313025210084034,0.4904128426431733,0.5486550694287993,0.1315989838630606,0.4504923542358592
OpenAlex,landmark,rag,rag,Retrieval-augmented generation,1,Computer Science,Machines,2020,600,0.5,0.47002519923379865,0.48750260351578967,0.09639971277679142,0.38848187888159497
OpenAlex,landmark,qec,qec,Quantum error correction,1,Physical Sciences,Nature,1995,335,0.9911504424778761,0.31301994970333713,0.7727457413264516,0.968105341718638,0.7612553688065757
OpenAlex,landmark,crispr_c1,crispr,Zinc-finger nuclease engineering,0,Life Sciences,Life,2012,600,0.5194468452895419,0.47009753671110693,0.5382136229331155,0.8068255945516155,0.583645899871345
OpenAlex,landmark,crispr_c2,crispr,Meganuclease genome engineering,0,Life Sciences,Life,2012,596,0.8166894664842681,0.48133712769796694,0.7923672641524694,0.8243582118071466,0.7286880175354628
OpenAlex,landmark,ips_c1,ips,Adult stem-cell transdifferentiation,0,Life Sciences,Life,2006,600,0.5058922558922558,0.5168893541157575,0.643623524846282,0.8772714915613943,0.6359191566039224
OpenAlex,landmark,ips_c2,ips,Somatic cell nuclear transfer,0,Life Sciences,Life,2006,600,0.5063184498736311,0.5410271119771647,0.5336031171209707,0.8040623914048921,0.5962527675941647
OpenAlex,landmark,mrna_c1,mrna,DNA vaccine platforms,0,Life Sciences,Life,2020,600,0.5,0.4992258796476643,0.5124973964842103,0.4069913819036223,0.4796786645088742
OpenAlex,landmark,mrna_c2,mrna,Viral-vector vaccine platforms,0,Life Sciences,Life,2020,600,0.5,0.4937750950189459,0.33181222783183384,0.4303558483067051,0.4389857927893712
OpenAlex,landmark,alphafold2_c1,alphafold2,Protein threading methods,0,Life Sciences,Life,2021,600,0.5,0.5053561072350494,0.4133824210826699,0.1931109928545002,0.4029623802930549
OpenAlex,landmark,alphafold2_c2,alphafold2,Homology modelling,0,Life Sciences,Life,2021,600,0.5,0.5024016993169131,0.4916674381858807,0.21651806149302882,0.4276467997489557
OpenAlex,landmark,singlecell_c1,singlecell,Bulk RNA sequencing,0,Life Sciences,Life,2009,600,0.6852907639680731,0.4580990136424001,0.8218288971894048,0.93794325679787,0.725790482899437
OpenAlex,landmark,singlecell_c2,singlecell,Microarray transcriptomics,0,Life Sciences,Life,2009,600,0.5,0.5071256492392285,0.5662743941954392,0.7903637116203407,0.5909409387637521
OpenAlex,landmark,rnai_c1,rnai,Antisense oligonucleotide silencing,0,Life Sciences,Life,1998,600,0.68140589569161,0.4700332046565238,0.7030584600142163,0.9484246864400507,0.7007305617006002
OpenAlex,landmark,rnai_c2,rnai,Ribozyme gene silencing,0,Life Sciences,Life,1998,580,0.9416531604538088,0.41534522206545227,0.6253490709918343,0.8712741214368354,0.7134053937369826
OpenAlex,landmark,graphene_c1,graphene,Carbon nanotube electronics,0,Physical Sciences,Nature,2004,600,0.5097540288379983,0.5409576012287471,0.6387871690606142,0.8505855417135959,0.6350210852102389
OpenAlex,landmark,graphene_c2,graphene,Graphite intercalation compounds,0,Physical Sciences,Nature,2004,600,0.555452865064695,0.5163632570736785,0.6136070778047783,0.9453297273203556,0.6576882318158769
OpenAlex,landmark,transformer_c1,transformer,Recurrent neural sequence models,0,Computer Science,Machines,2017,600,0.5008333333333334,0.5817987821199619,0.5970929191865354,0.29843435403097657,0.4945398471677018
OpenAlex,landmark,transformer_c2,transformer,Convolutional sequence models,0,Computer Science,Machines,2017,600,0.5,0.5142724884952145,0.5580701058739533,0.19788782248440107,0.4425576042133923
OpenAlex,landmark,resnet_c1,resnet,Highway neural networks,0,Computer Science,Machines,2015,600,0.5029288702928869,0.46708213523333897,0.5643751137672948,0.43757965440114516,0.49299144342366646
OpenAlex,landmark,resnet_c2,resnet,Plain very-deep convolutional networks,0,Computer Science,Machines,2015,600,0.6768018018018017,0.4851661325916311,0.4930948446391693,0.40367642750397725,0.5146848016341448
OpenAlex,landmark,diffusion_c1,diffusion,Variational autoencoder generation,0,Computer Science,Machines,2020,600,0.5,0.5331232351874537,0.45842951678320004,0.23291234560970409,0.4311162743950895
OpenAlex,landmark,diffusion_c2,diffusion,Autoregressive image generation,0,Computer Science,Machines,2020,600,0.501669449081803,0.5093098938306004,0.5080809517699633,0.27330609300212294,0.4480915969211224
OpenAlex,landmark,rag_c1,rag,Closed-book language model question answering,0,Computer Science,Machines,2020,600,0.5,0.49995065383871934,0.4501660026875221,0.07409727679294556,0.3810534833297967
OpenAlex,landmark,rag_c2,rag,Information retrieval neural ranking,0,Computer Science,Machines,2020,600,0.5,0.4854887252986987,0.4833395034305885,0.14196784944133517,0.40269901954265563
OpenAlex,landmark,qec_c1,qec,Classical error correcting codes,0,Physical Sciences,Nature,1995,600,0.5,0.49717284191625855,0.5946768101701475,0.680637058951584,0.5681216777594975
OpenAlex,landmark,qec_c2,qec,Quantum decoherence control,0,Physical Sciences,Nature,1995,85,0.9247311827956989,0.39733194369786784,0.40792523245639445,0.8923636510396431,0.655588002497401
PubMed,landmark,crispr,crispr,CRISPR-Cas genome editing,1,Life Sciences,Life,2012,599,0.9966777408637875,0.8992750277612958,0.9480852464633202,0.0,0.7110095037721008
PubMed,landmark,ips,ips,Induced pluripotent stem cells,1,Life Sciences,Life,2006,596,0.9900497512437811,0.39419334466149997,0.6303123538982346,0.0,0.503638862450879
PubMed,landmark,mrna,mrna,mRNA vaccine technology,1,Life Sciences,Life,2020,599,0.5054759898904801,0.4581324777591229,0.630832660734157,0.0,0.39861028209594
PubMed,landmark,alphafold2,alphafold2,AlphaFold2 protein structure prediction,1,Life Sciences,Life,2021,340,0.9855491329479769,0.3961089951418246,0.9033744653517131,0.0,0.5712581483603787
PubMed,landmark,singlecell,singlecell,Single-cell RNA sequencing,1,Life Sciences,Life,2009,600,0.6722595078299776,0.4743285811325534,0.4977169108448251,0.0,0.41107624995183906
PubMed,landmark,rnai,rnai,RNA interference,1,Life Sciences,Life,1998,598,0.9966722129783694,0.8990360050123267,0.8947747036125839,0.0,0.69762073040082
PubMed,landmark,crispr_c1,crispr,Zinc-finger nuclease engineering,0,Life Sciences,Life,2012,532,0.8212634822804314,0.47488830328335807,0.8215624974834977,0.0,0.5294285707618218
PubMed,landmark,crispr_c2,crispr,Meganuclease genome engineering,0,Life Sciences,Life,2012,106,0.7985074626865671,0.483479406763837,0.8667217178634091,0.0,0.5371771468284533
PubMed,landmark,ips_c1,ips,Adult stem-cell transdifferentiation,0,Life Sciences,Life,2006,593,0.75,0.4853595998314026,0.40594518443472344,0.0,0.41032619606653153
PubMed,landmark,ips_c2,ips,Somatic cell nuclear transfer,0,Life Sciences,Life,2006,600,0.8056300268096515,0.47684556811085094,0.20906748465844982,0.0,0.3728857698947381
PubMed,landmark,mrna_c1,mrna,DNA vaccine platforms,0,Life Sciences,Life,2020,600,0.6082995951417004,0.47554155969163336,0.5734922755850319,0.0,0.41433335760459145
PubMed,landmark,mrna_c2,mrna,Viral-vector vaccine platforms,0,Life Sciences,Life,2020,599,0.545950864422202,0.4849459064908941,0.5410236229719326,0.0,0.39298009847125714
PubMed,landmark,alphafold2_c1,alphafold2,Protein threading methods,0,Life Sciences,Life,2021,84,0.275974025974026,0.5274507838931195,0.7557177478752324,0.0,0.38978563943559447
PubMed,landmark,alphafold2_c2,alphafold2,Homology modelling,0,Life Sciences,Life,2021,600,0.5136752136752137,0.49825351877601876,0.5996460684099042,0.0,0.40289370021528415
PubMed,landmark,singlecell_c1,singlecell,Bulk RNA sequencing,0,Life Sciences,Life,2009,340,0.8743589743589744,0.45441982508731227,0.7203258354514274,0.0,0.5122761587244286
PubMed,landmark,singlecell_c2,singlecell,Microarray transcriptomics,0,Life Sciences,Life,2009,600,0.9303405572755418,0.44535337510061035,0.598687660112452,0.0,0.49359539812215103
PubMed,landmark,rnai_c1,rnai,Antisense oligonucleotide silencing,0,Life Sciences,Life,1998,451,0.9912280701754386,0.4161964394944275,0.009073572661269125,0.0,0.3541245205827838
PubMed,landmark,rnai_c2,rnai,Ribozyme gene silencing,0,Life Sciences,Life,1998,513,0.9941972920696325,0.42238002836361693,0.8500371920495687,0.0,0.5666536281207045
OpenAlex,power_validation,PV_0000_P,PV_0000,Subterranean biodiversity and taxonomy,1,Physical Sciences,Nature,2019,300,0.5,0.45508806283644504,0.34675509928171655,0.003133323079250146,0.32624412129935293
OpenAlex,power_validation,PV_0000_C1,PV_0000,"Education, Technology, and Ethics",0,Physical Sciences,Nature,2019,300,0.5,0.5028980376889853,0.598687660112452,0.006266584634967603,0.40196307060910125
OpenAlex,power_validation,PV_0000_C2,PV_0000,Sustainability and Ecological Systems Analysis,0,Physical Sciences,Nature,2019,300,0.5,0.5060861252515283,0.549833997312478,0.09392235315762444,0.4124606189304077
OpenAlex,power_validation,PV_0001_P,PV_0001,Engineering and Agricultural Innovations,1,Life Sciences,Life,2019,300,0.5,0.401336826589564,0.401312339887548,0.006933222237790516,0.32739559717872563
OpenAlex,power_validation,PV_0001_C1,PV_0001,Humic Substances and Bio-Organic Studies,0,Life Sciences,Life,2019,300,0.5,0.49688793526067554,0.743962491324758,0.029258313526690432,0.442527185028031
OpenAlex,power_validation,PV_0001_C2,PV_0001,Sesame and Sesamin Research,0,Life Sciences,Life,2019,300,0.5,0.5068932921496466,0.5580701058739533,0.10039399004519695,0.4163393470171992
OpenAlex,power_validation,PV_0002_P,PV_0002,"COVID-19, Geopolitics, Technology, Migration",1,Social Sciences,Cultures,2019,300,0.5008319467554077,0.5018665142925811,0.6750229654361476,0.01566538502706295,0.42334670287779985
OpenAlex,power_validation,PV_0002_C1,PV_0002,21st Century Education and Governance,0,Social Sciences,Cultures,2019,300,0.5,0.4955109696966877,0.6607563687658171,0.0095330445332644,0.4164500957489423
OpenAlex,power_validation,PV_0002_C2,PV_0002,Social Movements and Cultural Identity,0,Social Sciences,Cultures,2019,300,0.5,0.4964952754672989,0.48333950343058857,0.0033333209877091903,0.3707920249713991
OpenAlex,power_validation,PV_0003_P,PV_0003,"Legal, Health, Environmental and COVID-19 Challenges",1,Health Sciences,Life,2019,300,0.5,0.51227693782756,0.8125502070042587,0.012999267716169015,0.45945660313699693
OpenAlex,power_validation,PV_0003_C1,PV_0003,Athletic Training and Education,0,Health Sciences,Life,2019,300,0.5,0.5098931045658643,0.598687660112452,0.030390638639209513,0.40974285082938144
OpenAlex,power_validation,PV_0003_C2,PV_0003,Trade Secret Protection Methods,0,Health Sciences,Life,2019,300,0.5,0.5194288794475261,0.5,0.003133323079250146,0.38064055063169405
OpenAlex,power_validation,PV_0004_P,PV_0004,AI and Big Data Applications,1,Physical Sciences,Nature,2019,300,0.5,0.49239129312791763,0.6066693561082115,0.055609238305498306,0.4136674718854068
OpenAlex,power_validation,PV_0004_C1,PV_0004,"Energy, Economy, and Technology Trends",0,Physical Sciences,Nature,2019,300,0.5,0.5158866726866937,0.5415704832167999,0.010266305964442408,0.39193086546698397
OpenAlex,power_validation,PV_0004_C2,PV_0004,Statistical Methods in Epidemiology,0,Physical Sciences,Nature,2019,300,0.5,0.5123373565219913,0.45842951678320015,0.07651680911202628,0.38682092060430445
OpenAlex,power_validation,PV_0005_P,PV_0005,Technology-Enhanced Education Studies,1,Social Sciences,Cultures,2019,300,0.5,0.5119613925434155,0.6681877721681662,0.07174319566327797,0.4379730900937149
OpenAlex,power_validation,PV_0005_C1,PV_0005,Diverse Perspectives in Modern Studies,0,Social Sciences,Cultures,2019,300,0.5,0.49902850332874676,0.549833997312478,0.0009333330623210821,0.38744895842588645
OpenAlex,power_validation,PV_0005_C2,PV_0005,Organizational Leadership and Management Strategies,0,Social Sciences,Cultures,2019,300,0.5,0.5031448896820853,0.45842951678320015,0.07068193841044931,0.3830640862189337
OpenAlex,power_validation,PV_0006_P,PV_0006,Artificial Intelligence in Healthcare,1,Health Sciences,Life,2019,300,0.5,0.488721989385881,0.6456563062257954,0.08188292368527177,0.42906530482423705
OpenAlex,power_validation,PV_0006_C1,PV_0006,Global Health and Surgery,0,Health Sciences,Life,2019,300,0.5,0.5153338214096181,0.549833997312478,0.07373261338410417,0.40972510802655004
OpenAlex,power_validation,PV_0006_C2,PV_0006,Thyroid and Parathyroid Surgery,0,Health Sciences,Life,2019,300,0.5,0.5000488213358536,0.6379936706609838,0.08889803368091168,0.4317351314194373
OpenAlex,power_validation,PV_0007_P,PV_0007,Domain Adaptation and Few-Shot Learning,1,Physical Sciences,Nature,2019,300,0.5,0.4874032274090505,0.5498339973124778,0.13104208942596224,0.41706982853687263
OpenAlex,power_validation,PV_0007_C1,PV_0007,Library Science and Information,0,Physical Sciences,Nature,2019,300,0.5,0.5113470377546905,0.6607563687658171,0.010199646278720458,0.420575763199807
OpenAlex,power_validation,PV_0007_C2,PV_0007,Thermal Expansion and Ionic Conductivity,0,Physical Sciences,Nature,2019,300,0.5,0.47068993893306194,0.5662743941954391,0.20856122294237117,0.43638138901771806
OpenAlex,power_validation,PV_0008_P,PV_0008,Online Learning Methods and Innovations,1,Social Sciences,Cultures,2019,300,0.5,0.5064154319771457,0.49166743818588066,0.031056675985725837,0.382284886537188
OpenAlex,power_validation,PV_0008_C1,PV_0008,Educational Leadership and Administration,0,Social Sciences,Cultures,2019,300,0.5,0.5083003877880163,0.5,0.007466527911439981,0.3789417289248641
OpenAlex,power_validation,PV_0008_C2,PV_0008,"Architecture, Art, Education",0,Social Sciences,Cultures,2019,300,0.5,0.5094478128422428,0.5825702064623146,0.009333062330430597,0.400337770408747
OpenAlex,power_validation,PV_0009_P,PV_0009,Brain Tumor Detection and Classification,1,Life Sciences,Life,2019,300,0.5,0.5006538501458473,0.5166604965694115,0.14497139077761892,0.4155714343732194
OpenAlex,power_validation,PV_0009_C1,PV_0009,Cocoa and Sweet Potato Agronomy,0,Life Sciences,Life,2019,300,0.5,0.5109376700379425,0.52497918747894,0.052352093340720975,0.3970672377144009
OpenAlex,power_validation,PV_0009_C2,PV_0009,Kruppel-like factors research,0,Life Sciences,Life,2019,300,0.5,0.5121322775635564,0.6681877721681662,0.21085567537497485,0.47279393127667435
OpenAlex,power_validation,PV_0010_P,PV_0010,Multimodal Machine Learning Applications,1,Physical Sciences,Nature,2019,300,0.5,0.5256796624940989,0.5580701058739532,0.12763341762655608,0.42784579649865206
OpenAlex,power_validation,PV_0010_C1,PV_0010,Authorship Attribution and Profiling,0,Physical Sciences,Nature,2019,300,0.5,0.4997151535445901,0.7040516276171624,0.026660347476464803,0.43260678215955434
OpenAlex,power_validation,PV_0010_C2,PV_0010,Fusion and Plasma Physics Studies,0,Physical Sciences,Nature,2019,300,0.5,0.519110965614197,0.6066693561082115,0.004999958333749996,0.4076950700140396
OpenAlex,power_validation,PV_0011_P,PV_0011,Legal and Policy Analysis in Indonesia,1,Social Sciences,Cultures,2019,300,0.5,0.5264460086404302,0.598687660112452,0.021396733816977837,0.411632600642465
OpenAlex,power_validation,PV_0011_C1,PV_0011,Multidisciplinary Research Papers Compilation,0,Social Sciences,Cultures,2019,300,0.5,0.5136089863377429,0.5166604965694115,0.006199920558554824,0.3841173508664273
OpenAlex,power_validation,PV_0011_C2,PV_0011,Arts and Performance Studies,0,Social Sciences,Cultures,2019,300,0.5,0.5211410798466944,0.5083325618141193,0.003133323079250146,0.38315174118501594
OpenAlex,power_validation,PV_0012_P,PV_0012,"Health, Technology, Consumer Behavior",1,Health Sciences,Life,2019,300,0.5,0.525075646921,0.6066693561082114,0.020663724848271323,0.4131021819693707
OpenAlex,power_validation,PV_0012_C1,PV_0012,Spinal Hematomas and Complications,0,Health Sciences,Life,2019,300,0.5,0.4961459722292332,0.7109495026250039,0.06603708773229253,0.4432831406466324
OpenAlex,power_validation,PV_0012_C2,PV_0012,Oral and Craniofacial Lesions,0,Health Sciences,Life,2019,300,0.5,0.5086210641298007,0.6899744811276125,0.044038164876195725,0.4356584275334023
OpenAlex,power_validation,PV_0013_P,PV_0013,Blockchain Technology Applications and Security,1,Physical Sciences,Nature,2019,300,0.5,0.5134341333809659,0.47502081252106,0.21295688501582974,0.4253529577294639
OpenAlex,power_validation,PV_0013_C1,PV_0013,Cybercrime and Law Enforcement Studies,0,Physical Sciences,Nature,2019,300,0.5,0.5100246668857724,0.6827993860934125,0.0728706034812883,0.4414236641151183
OpenAlex,power_validation,PV_0013_C2,PV_0013,Membrane Separation and Gas Transport,0,Physical Sciences,Nature,2019,300,0.5,0.4999049085366557,0.549833997312478,0.22615486995623907,0.44397344395134314
OpenAlex,power_validation,PV_0014_P,PV_0014,Contemporary Christian Leadership and Education,1,Social Sciences,Cultures,2019,300,0.5,0.5126633841647348,0.5415704832167999,0.021596641394794946,0.3939576271940824
OpenAlex,power_validation,PV_0014_C1,PV_0014,Migration and Exile Studies,0,Social Sciences,Cultures,2019,300,0.5,0.5026883913768214,0.4667159617488687,0.014465657535046039,0.3709675026651841
OpenAlex,power_validation,PV_0014_C2,PV_0014,Education Methods and Integration,0,Social Sciences,Cultures,2019,300,0.5,0.5103446403241008,0.4667159617488687,0.005666606013124739,0.37068180202152357
OpenAlex,power_validation,PV_0015_P,PV_0015,Gut microbiota and health,1,Life Sciences,Life,2019,300,0.5,0.5147533293834796,0.5744425168116589,0.31564251055984516,0.4762095891887459
OpenAlex,power_validation,PV_0015_C1,PV_0015,Ubiquitin and proteasome pathways,0,Life Sciences,Life,2019,300,0.5,0.4935913115457396,0.40934671729911415,0.19192337055559122,0.3987153498501112
OpenAlex,power_validation,PV_0015_C2,PV_0015,"Nutrition, Genetics, and Disease",0,Life Sciences,Life,2019,300,0.5,0.5065661155849215,0.6532449007182834,0.07923356430096233,0.4347611451510418
OpenAlex,power_validation,PV_0016_P,PV_0016,Digital Transformation in Industry,1,Physical Sciences,Nature,2019,300,0.5,0.5277869459087761,0.5166604965694114,0.20351815180854313,0.4369913985716826
OpenAlex,power_validation,PV_0016_C1,PV_0016,Graph Theory and Algorithms,0,Physical Sciences,Nature,2019,300,0.5,0.5019286542056476,0.5083325618141193,0.053016909544764936,0.39081953139113296
OpenAlex,power_validation,PV_0016_C2,PV_0016,Heavy Metal Pollution Remediation,0,Physical Sciences,Nature,2019,300,0.5,0.5075650025981121,0.6456563062257955,0.013865777953588785,0.41677177169437407
OpenAlex,power_validation,PV_0017_P,PV_0017,Pancasila Values in Education,1,Social Sciences,Cultures,2019,300,0.5,0.49358562496794095,0.5906532827008859,0.027060058882917844,0.40282474163793613
OpenAlex,power_validation,PV_0017_C1,PV_0017,Educational Methods and Analysis,0,Social Sciences,Cultures,2019,300,0.5,0.49310681965545894,0.5415704832167999,0.017598182966470723,0.38806887145968233
OpenAlex,power_validation,PV_0017_C2,PV_0017,Contemporary Literature and Criticism,0,Social Sciences,Cultures,2019,300,0.5,0.5118249453819048,0.47502081252106,0.013599161576696522,0.37511122986991535
OpenAlex,power_validation,PV_0018_P,PV_0018,Adolescent Health and Behaviors,1,Health Sciences,Life,2019,300,0.5,0.505477853585643,0.598687660112452,0.019864053391134805,0.40600739177230744
OpenAlex,power_validation,PV_0018_C1,PV_0018,Drug-Induced Ocular Toxicity,0,Health Sciences,Life,2019,300,0.5,0.5053991132653457,0.6456563062257954,0.06112370732182118,0.42804478170324056
OpenAlex,power_validation,PV_0018_C2,PV_0018,Doctoral Education Challenges and Solutions,0,Health Sciences,Life,2019,300,0.5,0.5089166590263778,0.47502081252106004,0.05055685944293739,0.3836235827475938
OpenAlex,power_validation,PV_0019_P,PV_0019,IoT Networks and Protocols,1,Physical Sciences,Nature,2019,300,0.5,0.49632268715602545,0.5332840382511312,0.20734933396268615,0.43423901484246075
OpenAlex,power_validation,PV_0019_C1,PV_0019,Intravenous Infusion Technology and Safety,0,Physical Sciences,Nature,2019,300,0.5,0.5096246308350512,0.46671596174886876,0.03971243702436097,0.3790132574020702
OpenAlex,power_validation,PV_0019_C2,PV_0019,"Oil, Gas, and Environmental Issues",0,Physical Sciences,Nature,2019,300,0.5,0.5176540426685672,0.6066693561082115,0.07048293478719381,0.4237015833909931
OpenAlex,power_validation,PV_0020_P,PV_0020,Indonesian Legal and Regulatory Studies,1,Social Sciences,Cultures,2019,300,0.5,0.5122320072047661,0.6379936706609838,0.021530005726614527,0.41793892089809115
OpenAlex,power_validation,PV_0020_C1,PV_0020,Soviet and Russian History,0,Social Sciences,Cultures,2019,300,0.5,0.5094471206697027,0.5166604965694115,0.006933222237790516,0.38326020986922615
OpenAlex,power_validation,PV_0020_C2,PV_0020,Post-Soviet Geopolitical Dynamics,0,Social Sciences,Cultures,2019,300,0.5,0.4961657798429003,0.5580701058739533,0.011599479729336363,0.39145884136154746
OpenAlex,power_validation,PV_0021_P,PV_0021,Energy and Environmental Sustainability,1,Physical Sciences,Nature,2019,300,0.5,0.5092960886180036,0.6302602229177513,0.032122278129657005,0.41791964741635296
OpenAlex,power_validation,PV_0021_C1,PV_0021,Cold Fusion and Nuclear Reactions,0,Physical Sciences,Nature,2019,300,0.5,0.5071003278838475,0.8772526294600782,0.008066491702233064,0.4731048622615397
OpenAlex,power_validation,PV_0021_C2,PV_0021,Industrial and Mining Safety,0,Physical Sciences,Nature,2019,300,0.5,0.5147245960585372,0.743962491324758,0.020996913544449616,0.4449210002319362
OpenAlex,power_validation,PV_0022_P,PV_0022,Psychodrama and Leishmaniasis Studies,1,Social Sciences,Cultures,2019,300,0.5,0.5003459178299474,0.5580701058739533,0.006066592240996913,0.3911206539862244
OpenAlex,power_validation,PV_0022_C1,PV_0022,Sephardic Jews and Inquisition Studies,0,Social Sciences,Cultures,2019,300,0.5,0.5050256868266085,0.549833997312478,0.0019333309245468113,0.38919825376590833
OpenAlex,power_validation,PV_0022_C2,PV_0022,Cultural and Communication Design Research,0,Social Sciences,Cultures,2019,300,0.5,0.5071204112978207,0.5662743941954392,0.009199740446120786,0.3956486364848452
OpenAlex,power_validation,PV_0023_P,PV_0023,Shallot Cultivation and Analysis,1,Life Sciences,Life,2019,300,0.5,0.5066754675602856,0.5906532827008859,0.017531536868115694,0.4037150717823218
OpenAlex,power_validation,PV_0023_C1,PV_0023,Hallucinations in medical conditions,0,Life Sciences,Life,2019,300,0.5,0.5124566773443031,0.598687660112452,0.02119682452820573,0.4080852904962402
OpenAlex,power_validation,PV_0023_C2,PV_0023,Plant-derived Lignans Synthesis and Bioactivity,0,Life Sciences,Life,2019,300,0.5,0.5051274381877896,0.5166604965694114,0.0885673248468359,0.4025888149010092
OpenAlex,power_validation,PV_0024_P,PV_0024,Frailty in Older Adults,1,Health Sciences,Life,2019,300,0.5,0.49477701828395004,0.6379936706609838,0.19570894396058947,0.4571199082263808
OpenAlex,power_validation,PV_0024_C1,PV_0024,Thermoregulation and physiological responses,0,Health Sciences,Life,2019,300,0.5,0.5019582453783561,0.6224593312018545,0.14039974237863315,0.4412043297397109
OpenAlex,power_validation,PV_0024_C2,PV_0024,Trypanosoma species research and implications,0,Health Sciences,Life,2019,300,0.5,0.5065702594824977,0.5415704832167999,0.11238983111910235,0.4151326434546
OpenAlex,power_validation,PV_0025_P,PV_0025,Innovations in Education and Learning Technologies,1,Physical Sciences,Nature,2019,300,0.5,0.5063720315305311,0.45842951678320015,0.03325440034356457,0.374513987164324
OpenAlex,power_validation,PV_0025_C1,PV_0025,Embedded Systems and FPGA Applications,0,Physical Sciences,Nature,2019,300,0.5,0.5229062024071773,0.4584295167832001,0.023329099687423707,0.37616620471945034
OpenAlex,power_validation,PV_0025_C2,PV_0025,Electrophoretic Deposition in Materials Science,0,Physical Sciences,Nature,2019,300,0.5,0.4993051976434506,0.6066693561082115,0.07512485766158498,0.4202748528533118
OpenAlex,power_validation,PV_0026_P,PV_0026,Multicultural Education and Local Wisdom,1,Social Sciences,Cultures,2019,300,0.5,0.5023542823945889,0.46671596174886876,0.013599161576696522,0.3706673514300386
OpenAlex,power_validation,PV_0026_C1,PV_0026,Modern American Literature Studies,0,Social Sciences,Cultures,2019,300,0.5,0.4984694922097051,0.4667159617488687,0.010266305964442408,0.36886293998075403
OpenAlex,power_validation,PV_0026_C2,PV_0026,Educational Practices and Sociocultural Research,0,Social Sciences,Cultures,2019,300,0.5,0.5034792422411438,0.4916674381858807,0.005599941462067634,0.37518665547227303
OpenAlex,power_validation,PV_0027_P,PV_0027,Stochastic Gradient Optimization Techniques,1,Physical Sciences,Nature,2019,300,0.5,0.5081978976187955,0.668187772168166,0.07167687181856554,0.43701563540138183
OpenAlex,power_validation,PV_0027_C1,PV_0027,Web Application Security Vulnerabilities,0,Physical Sciences,Nature,2019,300,0.5,0.5086095807979704,0.5580701058739532,0.06052592713498814,0.40680140345172794
OpenAlex,power_validation,PV_0027_C2,PV_0027,Artificial Intelligence Applications,0,Physical Sciences,Nature,2019,300,0.5,0.5003802581185188,0.6302602229177513,0.009333062330430597,0.40999338584167516
OpenAlex,power_validation,PV_0028_P,PV_0028,Occupational Health and Safety Management,1,Health Sciences,Life,2019,300,0.5,0.517346158777614,0.6681877721681662,0.008733111306428013,0.42356676056305204
OpenAlex,power_validation,PV_0028_C1,PV_0028,Clostridium difficile and Clostridium perfringens research,0,Health Sciences,Life,2019,300,0.5,0.4793495083895629,0.6755363229894543,0.2624458065973725,0.47933290949409746
OpenAlex,power_validation,PV_0028_C2,PV_0028,Foot and Ankle Surgery,0,Health Sciences,Life,2019,300,0.5,0.5029262080146177,0.5906532827008858,0.07161054733999862,0.4162975095138755
OpenAlex,power_validation,PV_0029_P,PV_0029,"Race, Identity, and Education in Brazil",1,Social Sciences,Cultures,2019,300,0.5,0.5027856445447735,0.5,0.006399912620098299,0.3772963892912179
OpenAlex,power_validation,PV_0029_C1,PV_0029,China's Global Influence and Migration,0,Social Sciences,Cultures,2019,300,0.5,0.5061237966945598,0.4584295167832001,0.026860204253324308,0.372853379432771
OpenAlex,power_validation,PV_0029_C2,PV_0029,Gender Studies and Social Issues,0,Social Sciences,Cultures,2019,300,0.5,0.5072399472715652,0.4501660026875221,0.0072665387652694055,0.3661681221810892
OpenAlex,power_validation,PV_0030_P,PV_0030,Piperaceae Chemical and Biological Studies,1,Life Sciences,Life,2019,300,0.5,0.5114722166911257,0.5415704832167999,0.09445095521098705,0.41187341377972825
OpenAlex,power_validation,PV_0030_C1,PV_0030,Aldose Reductase and Taurine,0,Life Sciences,Life,2019,300,0.5,0.5050380792737299,0.71775105695774,0.14288225013576356,0.46641784659180835
OpenAlex,power_validation,PV_0030_C2,PV_0030,Diffusion and Search Dynamics,0,Life Sciences,Life,2019,300,0.5,0.5028449161971,0.6145944982675495,0.0850606247982493,0.4256250098157247
OpenAlex,power_validation,PV_0031_P,PV_0031,Ionosphere and magnetosphere dynamics,1,Physical Sciences,Nature,2019,300,0.5,0.4851382348114712,0.3318122278318339,0.025860899215461065,0.3357028404646915
OpenAlex,power_validation,PV_0031_C1,PV_0031,Geological and Geophysical Studies,0,Physical Sciences,Nature,2019,300,0.5,0.5033313921061803,0.5906532827008859,0.07260534769970994,0.416647505626694
OpenAlex,power_validation,PV_0031_C2,PV_0031,Advanced Radiotherapy Techniques,0,Physical Sciences,Nature,2019,300,0.5,0.4980145169300029,0.743962491324758,0.09352586684656852,0.4588757187753324
OpenAlex,power_validation,PV_0032_P,PV_0032,Social and Behavioral Studies,1,Social Sciences,Cultures,2019,300,0.5,0.508846830668885,0.5906532827008859,0.01353250717884538,0.4032581551371541
OpenAlex,power_validation,PV_0032_C1,PV_0032,History and Cultural Heritage,0,Social Sciences,Cultures,2019,300,0.5,0.504281118925565,0.549833997312478,0.005599941462067634,0.38992876442502766
OpenAlex,power_validation,PV_0032_C2,PV_0032,Sexual Assault and Victimization Studies,0,Social Sciences,Cultures,2019,300,0.5,0.5037047255955578,0.6302602229177513,0.07240639912071935,0.4265928369085071
OpenAlex,power_validation,PV_0033_P,PV_0033,Opioid Use Disorder Treatment,1,Health Sciences,Life,2019,300,0.5,0.49800290610948084,0.6224593312018546,0.11252147828233003,0.43324592889841634
OpenAlex,power_validation,PV_0033_C1,PV_0033,Migraine and Headache Studies,0,Health Sciences,Life,2019,300,0.5,0.5077953421254429,0.7109495026250039,0.1345131266678364,0.46331449285457077
OpenAlex,power_validation,PV_0033_C2,PV_0033,Elbow and Forearm Trauma Treatment,0,Health Sciences,Life,2019,300,0.5,0.5107432348443581,0.5662743941954391,0.05607444975158917,0.40827301969784663
OpenAlex,power_validation,PV_0034_P,PV_0034,Machine Learning in Materials Science,1,Physical Sciences,Nature,2019,300,0.5,0.5135647418922232,0.6145944982675495,0.1742696218418548,0.45060721550040694
OpenAlex,power_validation,PV_0034_C1,PV_0034,Smart Parking Systems Research,0,Physical Sciences,Nature,2019,300,0.5,0.5105577061260167,0.6681877721681662,0.16079238000341595,0.4598844645743997
OpenAlex,power_validation,PV_0034_C2,PV_0034,Scientific Research and Philosophical Inquiry,0,Physical Sciences,Nature,2019,300,0.5,0.5025485760808186,0.6145944982675495,0.021996451353683014,0.4097848814255128
OpenAlex,power_validation,PV_0035_P,PV_0035,Supply Chain Resilience and Risk Management,1,Social Sciences,Cultures,2019,300,0.5,0.5213032645159732,0.598687660112452,0.15240333235333836,0.4430985642454409
OpenAlex,power_validation,PV_0035_C1,PV_0035,International Labor and Employment Law,0,Social Sciences,Cultures,2019,300,0.5,0.5209414267722459,0.52497918747894,0.02113018772116321,0.39176270049308726
OpenAlex,power_validation,PV_0035_C2,PV_0035,Gender and Feminist Studies,0,Social Sciences,Cultures,2019,300,0.5,0.5179776763363777,0.47502081252106,0.006399912620098299,0.374849600369384
OpenAlex,power_validation,PV_0036_P,PV_0036,Innovations in Aquaponics and Hydroponics Systems,1,Life Sciences,Life,2019,300,0.5,0.5073135039980977,0.6755363229894542,0.044104702056754416,0.4317386322610766
OpenAlex,power_validation,PV_0036_C1,PV_0036,Genome Rearrangement Algorithms,0,Life Sciences,Life,2019,300,0.5,0.5199535918837564,0.47502081252106,0.05055685944293739,0.3863828159619384
OpenAlex,power_validation,PV_0036_C2,PV_0036,Silicon Effects in Agriculture,0,Life Sciences,Life,2019,300,0.5,0.5065373602761114,0.6456563062257955,0.16598332356627615,0.4545442475170458
OpenAlex,power_validation,PV_0037_P,PV_0037,Currency Recognition and Detection,1,Physical Sciences,Nature,2019,300,0.5,0.5042184171964043,0.5166604965694114,0.10283518580869536,0.40592852489362774
OpenAlex,power_validation,PV_0037_C1,PV_0037,Physical Activity and Education Research,0,Physical Sciences,Nature,2019,300,0.5,0.5306783495371541,0.7564535292304042,0.04995837495787997,0.4592725634313596
OpenAlex,power_validation,PV_0037_C2,PV_0037,Chemical Analysis and Environmental Impact,0,Physical Sciences,Nature,2019,300,0.5,0.4956596323968277,0.6379936706609838,0.16209096191182887,0.4489360662424101
OpenAlex,power_validation,PV_0038_P,PV_0038,Legal and Social Justice Studies,1,Social Sciences,Cultures,2019,300,0.5,0.5025930578816729,0.549833997312478,0.015465433484122998,0.3919731221695685
OpenAlex,power_validation,PV_0038_C1,PV_0038,Urban and sociocultural dynamics,0,Social Sciences,Cultures,2019,300,0.5,0.5152684436802437,0.4667159617488687,0.004199975304174253,0.37154609518332166
OpenAlex,power_validation,PV_0038_C2,PV_0038,"Religion, Theology, and Education",0,Social Sciences,Cultures,2019,300,0.5,0.5049652189897349,0.5,0.0037999817094389794,0.37719130017479346
OpenAlex,power_validation,PV_0039_P,PV_0039,Mobile Health and mHealth Applications,1,Health Sciences,Life,2019,300,0.5,0.5135553444057768,0.7502601055951177,0.09293108179393178,0.46418663294870655
OpenAlex,power_validation,PV_0039_C1,PV_0039,Emergency and Acute Care Studies,0,Health Sciences,Life,2019,300,0.5,0.5034748370246372,0.6379936706609838,0.0801609693549729,0.43040736926014855
OpenAlex,power_validation,PV_0039_C2,PV_0039,Radiation Therapy and Dosimetry,0,Health Sciences,Life,2019,300,0.5,0.4984589440701792,0.4833395034305886,0.09616854259229302,0.3944917475232652
OpenAlex,power_validation,PV_0040_P,PV_0040,Additive Manufacturing Materials and Processes,1,Physical Sciences,Nature,2019,300,0.5,0.4883689716221942,0.6302602229177513,0.22336972532124297,0.4604997299652971
OpenAlex,power_validation,PV_0040_C1,PV_0040,Innovative Energy Harvesting Technologies,0,Physical Sciences,Nature,2019,300,0.5,0.5087507826626511,0.39333064389178857,0.1975034559164304,0.3998962206177175
OpenAlex,power_validation,PV_0040_C2,PV_0040,Groundwater and Watershed Analysis,0,Physical Sciences,Nature,2019,300,0.5,0.4885059052492763,0.4093467172991141,0.12828916820608613,0.38153544768861913
OpenAlex,power_validation,PV_0041_P,PV_0041,Discourse Analysis and Cultural Communication,1,Social Sciences,Cultures,2019,300,0.5,0.5016258668540117,0.6681877721681662,0.00999966667999946,0.41995332642554434
OpenAlex,power_validation,PV_0041_C1,PV_0041,"Communism, Protests, Social Movements",0,Social Sciences,Cultures,2019,300,0.5,0.5177309890491164,0.4501660026875221,0.008066491702233064,0.3689908708597179
OpenAlex,power_validation,PV_0041_C2,PV_0041,Creativity in Education and Neuroscience,0,Social Sciences,Cultures,2019,300,0.5,0.5083612758546951,0.5580701058739533,0.08141936825168374,0.411962687495083
OpenAlex,power_validation,PV_0042_P,PV_0042,Advanced battery technologies research,1,Physical Sciences,Nature,2019,300,0.5,0.50714472538013,0.6145944982675495,0.4439448582069833,0.5164210204636657
OpenAlex,power_validation,PV_0042_C1,PV_0042,Optimal Power Flow Distribution,0,Physical Sciences,Nature,2019,300,0.5,0.5046283078084695,0.7310585786300049,0.13071446580366883,0.4666003380605358
OpenAlex,power_validation,PV_0042_C2,PV_0042,Photovoltaic System Optimization Techniques,0,Physical Sciences,Nature,2019,300,0.5,0.498541832720642,0.4093467172991142,0.17724155654702445,0.39628252664169517
OpenAlex,power_validation,PV_0043_P,PV_0043,Psychology of Development and Education,1,Social Sciences,Cultures,2019,300,0.5,0.4995675336393653,0.6224593312018546,0.01699836252262546,0.40975630684096137
OpenAlex,power_validation,PV_0043_C1,PV_0043,Art Education and Development,0,Social Sciences,Cultures,2019,300,0.5,0.5166797608628451,0.425557483188341,0.021063550726380654,0.3658251986943917
OpenAlex,power_validation,PV_0043_C2,PV_0043,"Innovation, Technology, and Society",0,Social Sciences,Cultures,2019,300,0.5,0.5018457520060231,0.5580701058739533,0.018931071306668917,0.39471173229666134
OpenAlex,power_validation,PV_0044_P,PV_0044,Medicinal Plants and Bioactive Compounds,1,Life Sciences,Life,2019,300,0.5,0.5108786295178589,0.52497918747894,0.12848587153434635,0.41608592213278633
OpenAlex,power_validation,PV_0044_C1,PV_0044,Fossil Insects in Amber,0,Life Sciences,Life,2019,300,0.5,0.5080074373873753,0.6145944982675495,0.06451028770519536,0.42177805584003003
OpenAlex,power_validation,PV_0044_C2,PV_0044,Biochemical and biochemical processes,0,Life Sciences,Life,2019,300,0.5,0.4956871456500408,0.6066693561082115,0.17808086811733018,0.4451093424688956
OpenAlex,power_validation,PV_0045_P,PV_0045,Sports and Physical Education Research,1,Health Sciences,Life,2019,300,0.5,0.5082883577982438,0.6302602229177513,0.024461785774835574,0.4157525916227076
OpenAlex,power_validation,PV_0045_C1,PV_0045,Prostate Cancer Treatment and Research,0,Health Sciences,Life,2019,300,0.5,0.5002615495868558,0.6532449007182834,0.125009304819497,0.44462893878115906
OpenAlex,power_validation,PV_0045_C2,PV_0045,Childhood Cancer Survivors' Quality of Life,0,Health Sciences,Life,2019,300,0.5,0.5087422712484018,0.5662743941954392,0.0736663088248336,0.41217074356716865
OpenAlex,power_validation,PV_0046_P,PV_0046,IoT and Edge/Fog Computing,1,Physical Sciences,Nature,2019,300,0.5,0.5175129434761873,0.52497918747894,0.1802102622820169,0.4306755983092861
OpenAlex,power_validation,PV_0046_C1,PV_0046,Multilevel Inverters and Converters,0,Physical Sciences,Nature,2019,300,0.5,0.4923757940816083,0.6145944982675495,0.10731845804845946,0.4285721875994043
OpenAlex,power_validation,PV_0046_C2,PV_0046,3D Printing in Biomedical Research,0,Physical Sciences,Nature,2019,300,0.5,0.5022145452348484,0.7564535292304042,0.24460529854949437,0.5008183432536867
OpenAlex,power_validation,PV_0047_P,PV_0047,Educational Methods and Outcomes,1,Social Sciences,Cultures,2019,300,0.5,0.5005438104133475,0.6066693561082115,0.030057609808196595,0.4093176940824389
OpenAlex,power_validation,PV_0047_C1,PV_0047,Historical Influence and Diplomacy,0,Social Sciences,Cultures,2019,300,0.5,0.5053815384769182,0.5415704832167999,0.004333306210080269,0.3878213319759496
OpenAlex,power_validation,PV_0047_C2,PV_0047,STEM Education,0,Social Sciences,Cultures,2019,300,0.5,0.5038378956001504,0.5,0.03032403341042429,0.38354048225264364
OpenAlex,power_validation,PV_0048_P,PV_0048,Machine Learning and ELM,1,Physical Sciences,Nature,2019,300,0.5,0.5124765818368786,0.6899744811276124,0.16734443573714278,0.4674488746754084
OpenAlex,power_validation,PV_0048_C1,PV_0048,Vacuum and Plasma Arcs,0,Physical Sciences,Nature,2019,300,0.5,0.49835598005556336,0.6302602229177513,0.045634948026623164,0.41856278774998446
OpenAlex,power_validation,PV_0048_C2,PV_0048,Infrastructure Resilience and Vulnerability Analysis,0,Physical Sciences,Nature,2019,300,0.5,0.5145921242196221,0.52497918747894,0.13739224063450398,0.41924088808326654
OpenAlex,power_validation,PV_0049_P,PV_0049,Lung Cancer Research Studies,1,Health Sciences,Life,2019,300,0.5,0.5121304680633889,0.598687660112452,0.10098790682657934,0.42795150875060506
OpenAlex,power_validation,PV_0049_C1,PV_0049,Gestational Diabetes Research and Management,0,Health Sciences,Life,2019,300,0.5,0.510067292254945,0.6607563687658172,0.09682900122516164,0.4419131655614809
OpenAlex,power_validation,PV_0049_C2,PV_0049,Tendon Structure and Treatment,0,Health Sciences,Life,2019,300,0.5,0.5041189234451315,0.6066693561082115,0.08869961072775367,0.4248719725702742
OpenAlex,power_validation,PV_0050_P,PV_0050,Arabic Language Education Studies,1,Social Sciences,Cultures,2019,300,0.5,0.4939784179175467,0.5580701058739533,0.019064356518053393,0.3927782200773884
OpenAlex,power_validation,PV_0050_C1,PV_0050,Indian History and Philosophy,0,Social Sciences,Cultures,2019,300,0.5,0.4953222531749741,0.4501660026875221,0.024595038888902937,0.3675208236878498
OpenAlex,power_validation,PV_0050_C2,PV_0050,Service-Learning and Community Engagement,0,Social Sciences,Cultures,2019,300,0.5,0.5028209306588903,0.5415704832167999,0.05939666866204279,0.40094702063443327
OpenAlex,power_validation,PV_0051_P,PV_0051,Agriculture and Social Issues,1,Life Sciences,Life,2019,300,0.5,0.5064824326903514,0.5166604965694115,0.0025333279138904556,0.3814190642934133
OpenAlex,power_validation,PV_0051_C1,PV_0051,"Tannin, Tannase and Anticancer Activities",0,Life Sciences,Life,2019,300,0.5,0.5077515195988112,0.7375616214876249,0.0947813044705041,0.4600236113892351
OpenAlex,power_validation,PV_0051_C2,PV_0051,Sunflower and Safflower Cultivation,0,Life Sciences,Life,2019,300,0.5,0.5085064549605449,0.7109495026250039,0.05408051748068484,0.4433841187665584
OpenAlex,power_validation,PV_0052_P,PV_0052,Smart Cities and Technologies,1,Physical Sciences,Nature,2019,300,0.5,0.5115336142986798,0.5580701058739533,0.10659351377620581,0.4190493084872098
OpenAlex,power_validation,PV_0052_C1,PV_0052,Adsorption and Cooling Systems,0,Physical Sciences,Nature,2019,300,0.5,0.5116623314785343,0.6224593312018546,0.4013580186861535,0.5088699203416356
OpenAlex,power_validation,PV_0052_C2,PV_0052,Digital Holography and Microscopy,0,Physical Sciences,Nature,2019,300,0.5,0.5128271758373273,0.6224593312018546,0.13130416772041978,0.44164766868990046
OpenAlex,power_validation,PV_0053_P,PV_0053,Linguistics and Language Analysis,1,Social Sciences,Cultures,2019,300,0.5,0.5076912004508805,0.49166743818588066,0.020597086555871995,0.3799889312981583
OpenAlex,power_validation,PV_0053_C1,PV_0053,Sport Psychology and Performance,0,Social Sciences,Cultures,2019,300,0.5,0.5196663173159012,0.5580701058739533,0.05840013776785255,0.40903414023942675
OpenAlex,power_validation,PV_0053_C2,PV_0053,Primate Behavior and Ecology,0,Social Sciences,Cultures,2019,300,0.5,0.5036184741309251,0.598687660112452,0.0859871313513764,0.4220733163986884
OpenAlex,power_validation,PV_0054_P,PV_0054,Research studies in Vietnam,1,Physical Sciences,Nature,2019,300,0.5,0.47295078004803237,0.2435464707695958,0.003133323079250146,0.30490764347421956
OpenAlex,power_validation,PV_0054_C1,PV_0054,Optical Polarization and Ellipsometry,0,Physical Sciences,Nature,2019,300,0.5,0.5009660643359809,0.5825702064623147,0.10725255872717206,0.42269720738136696
OpenAlex,power_validation,PV_0054_C2,PV_0054,Geothermal Energy Systems and Applications,0,Physical Sciences,Nature,2019,300,0.5,0.5043945433563732,0.6755363229894542,0.10118586311423666,0.445279182365016
OpenAlex,power_validation,PV_0055_P,PV_0055,Cholangiocarcinoma and Gallbladder Cancer Studies,1,Health Sciences,Life,2019,300,0.5,0.5032154074350141,0.5662743941954392,0.12809245478360448,0.4243955641035145
OpenAlex,power_validation,PV_0055_C1,PV_0055,Acute Lymphoblastic Leukemia research,0,Health Sciences,Life,2019,300,0.5,0.499658317544149,0.5415704832167999,0.10243939957967992,0.4109170500851572
OpenAlex,power_validation,PV_0055_C2,PV_0055,Streptococcal Infections and Treatments,0,Health Sciences,Life,2019,300,0.5,0.5024831954826772,0.6145944982675495,0.11291639605334526,0.432498522450893
OpenAlex,power_validation,PV_0056_P,PV_0056,Mental Health Research Topics,1,Social Sciences,Cultures,2019,300,0.5,0.5121926250716482,0.6827993860934125,0.17401104180490456,0.4672507632424913
OpenAlex,power_validation,PV_0056_C1,PV_0056,Mathematics Education and Teaching Techniques,0,Social Sciences,Cultures,2019,300,0.5,0.5061714080723161,0.5744425168116589,0.027326528354610507,0.40198511330964637
OpenAlex,power_validation,PV_0056_C2,PV_0056,"Crime, Illicit Activities, and Governance",0,Social Sciences,Cultures,2019,300,0.5,0.5134762935084523,0.5083325618141193,0.048827806714190326,0.39265916550919044
OpenAlex,power_validation,PV_0057_P,PV_0057,"Ukraine: War, Education, Health",1,Physical Sciences,Nature,2019,300,0.5,0.5246151775165268,0.6827993860934125,0.020863638621508238,0.43206955055786184
OpenAlex,power_validation,PV_0057_C1,PV_0057,Nanoporous metals and alloys,0,Physical Sciences,Nature,2019,300,0.5,0.5033272498991623,0.5415704832167999,0.15838853846492115,0.42582156789522085
OpenAlex,power_validation,PV_0057_C2,PV_0057,Electrokinetic Soil Remediation Techniques,0,Physical Sciences,Nature,2019,300,0.5,0.5062986095094217,0.5906532827008859,0.15734845586413307,0.4385750870186102
OpenAlex,power_validation,PV_0058_P,PV_0058,Neuroinflammation and Neurodegeneration Mechanisms,1,Life Sciences,Life,2019,300,0.5,0.5078735381222907,0.6532449007182834,0.2871585340676472,0.48706924322705536
OpenAlex,power_validation,PV_0058_C1,PV_0058,Genetic Mapping and Diversity in Plants and Animals,0,Life Sciences,Life,2019,300,0.5,0.5053253665477376,0.4916674381858807,0.23007311473383477,0.4317664798668633
OpenAlex,power_validation,PV_0058_C2,PV_0058,Plant Stress Responses and Tolerance,0,Life Sciences,Life,2019,300,0.5,0.5102291391410922,0.5415704832167999,0.4953058080129229,0.5117763575927038
OpenAlex,power_validation,PV_0059_P,PV_0059,Sharing Economy and Platforms,1,Social Sciences,Cultures,2019,300,0.5,0.4929479512578364,0.48333950343058857,0.15175208413202843,0.40700988470511335
OpenAlex,power_validation,PV_0059_C1,PV_0059,Nuclear Issues and Defense,0,Social Sciences,Cultures,2019,300,0.5,0.5112252838677326,0.5744425168116589,0.023329099687423707,0.4022492250917038
OpenAlex,power_validation,PV_0059_C2,PV_0059,Public-Private Partnership Projects,0,Social Sciences,Cultures,2019,300,0.5,0.5010163990458731,0.598687660112452,0.08115446360333825,0.42021463069041587
OpenAlex,power_validation,PV_0060_P,PV_0060,Phonocardiography and Auscultation Techniques,1,Health Sciences,Life,2019,300,0.5,0.4941341263377576,0.6755363229894542,0.1398768830566591,0.4523868330959677
OpenAlex,power_validation,PV_0060_C1,PV_0060,Down syndrome and intellectual disability research,0,Health Sciences,Life,2019,300,0.5,0.5041550614063037,0.6532449007182834,0.13850400686588452,0.4489759922476179
OpenAlex,power_validation,PV_0060_C2,PV_0060,Cerebrovascular and genetic disorders,0,Health Sciences,Life,2019,300,0.5,0.5109905244238748,0.6755363229894542,0.06198709007567109,0.43712848437225005
OpenAlex,power_validation,PV_0061_P,PV_0061,Model Reduction and Neural Networks,1,Physical Sciences,Nature,2019,300,0.5,0.5187086277941773,0.71775105695774,0.08942712701967923,0.4564717029428991
OpenAlex,power_validation,PV_0061_C1,PV_0061,Spacecraft Dynamics and Control,0,Physical Sciences,Nature,2019,300,0.5,0.5155992235399014,0.5906532827008859,0.039645875320081375,0.4114745953902172
OpenAlex,power_validation,PV_0061_C2,PV_0061,Topological and Geometric Data Analysis,0,Physical Sciences,Nature,2019,300,0.5,0.5096286296063017,0.6607563687658171,0.03711627521650577,0.42687531839715614
OpenAlex,power_validation,PV_0062_P,PV_0062,"Grit, Self-Efficacy, and Motivation",1,Social Sciences,Cultures,2019,300,0.5,0.5062310602671085,0.6145944982675495,0.25853080098087194,0.4698390898788825
OpenAlex,power_validation,PV_0062_C1,PV_0062,Workplace Spirituality and Leadership,0,Social Sciences,Cultures,2019,300,0.5,0.5105472245158367,0.47502081252106,0.07114625829086804,0.38917857383194115
OpenAlex,power_validation,PV_0062_C2,PV_0062,Dengue and Mosquito Control Research,0,Social Sciences,Cultures,2019,300,0.5,0.5082441158426139,0.5744425168116589,0.038780541360108604,0.40536679350359534
OpenAlex,power_validation,PV_0063_P,PV_0063,Construction Management and Sustainability,1,Physical Sciences,Nature,2019,300,0.5,0.5074360181017705,0.7109495026250039,0.015931985132561846,0.4335793764648341
OpenAlex,power_validation,PV_0063_C1,PV_0063,Chemical Reactions and Mechanisms,0,Physical Sciences,Nature,2019,300,0.5,0.5039093988962093,0.6066693561082115,0.07704699818684826,0.42190643829781727
OpenAlex,power_validation,PV_0063_C2,PV_0063,Environmental and Sediment Control,0,Physical Sciences,Nature,2019,300,0.5,0.5023448839483224,0.5825702064623146,0.008599787987605505,0.3983787195995606
OpenAlex,power_validation,PV_0064_P,PV_0064,"Feminism, Gender, and Social Issues",1,Social Sciences,Cultures,2019,300,0.5,0.5150752489718984,0.5,0.005199953131173599,0.38006880052576797
OpenAlex,power_validation,PV_0064_C1,PV_0064,Thomas Hardy Literature Studies,0,Social Sciences,Cultures,2019,300,0.5,0.5068096434345302,0.6379936706609838,0.001599998634668065,0.4116008281825455
OpenAlex,power_validation,PV_0064_C2,PV_0064,"Economic, Social, and Health Studies",0,Social Sciences,Cultures,2019,300,0.5,0.5028992718697628,0.5166604965694114,0.0033333209877091903,0.3807232723567208
OpenAlex,power_validation,PV_0065_P,PV_0065,Synthesis and Biological Activity,1,Life Sciences,Life,2019,300,0.5,0.5012874265326626,0.48333950343058857,0.05966239032314965,0.3860723300716002
OpenAlex,power_validation,PV_0065_C1,PV_0065,Connective Tissue Growth Factor Research,0,Life Sciences,Life,2019,300,0.5,0.5054643899929612,0.598687660112452,0.1177183354693884,0.4304675963937004
OpenAlex,power_validation,PV_0065_C2,PV_0065,Natural Compound Pharmacology Studies,0,Life Sciences,Life,2019,300,0.5,0.5073432047670128,0.7040516276171624,0.10626395613790247,0.4544146971305194
OpenAlex,power_validation,PV_0066_P,PV_0066,Menstrual Health and Disorders,1,Health Sciences,Life,2019,300,0.5,0.49989559427256874,0.7375616214876248,0.0900222966870426,0.456869878111809
OpenAlex,power_validation,PV_0066_C1,PV_0066,Herbal Medicine Research Studies,0,Health Sciences,Life,2019,300,0.5,0.5021764522313891,0.7685247834990176,0.09094798822792183,0.46541230598958216
OpenAlex,power_validation,PV_0066_C2,PV_0066,Infectious Aortic and Vascular Conditions,0,Health Sciences,Life,2019,300,0.5,0.5116168922053252,0.7801716022593175,0.06364717969944952,0.46385891854102307
OpenAlex,power_validation,PV_0067_P,PV_0067,Diatoms and Algae Research,1,Physical Sciences,Nature,2019,300,0.5,0.49327075268202647,0.401312339887548,0.03551838587633446,0.35752536961147724
OpenAlex,power_validation,PV_0067_C1,PV_0067,Energetic Materials and Combustion,0,Physical Sciences,Nature,2019,300,0.5,0.5000578818061333,0.7040516276171624,0.13968079068199837,0.46094757502632355
OpenAlex,power_validation,PV_0067_C2,PV_0067,Tree Root and Stability Studies,0,Physical Sciences,Nature,2019,300,0.5,0.4980091684425607,0.7109495026250039,0.15968814733176126,0.4671617045998315
OpenAlex,power_validation,PV_0068_P,PV_0068,Land Use and Management,1,Social Sciences,Cultures,2019,300,0.5,0.5035482206673298,0.6456563062257954,0.011132873359793334,0.41508435006322963
OpenAlex,power_validation,PV_0068_C1,PV_0068,"Migration, Health, Geopolitics, Historical Geography",0,Social Sciences,Cultures,2019,300,0.5,0.5111727454609966,0.52497918747894,0.006799895191271875,0.3857379570328021
OpenAlex,power_validation,PV_0068_C2,PV_0068,Focus Groups and Qualitative Methods,0,Social Sciences,Cultures,2019,300,0.5,0.5009460845756442,0.5662743941954392,0.1330727144067691,0.42507329829446316
OpenAlex,power_validation,PV_0069_P,PV_0069,Advanced Computational Techniques in Science and Engineering,1,Physical Sciences,Nature,2019,300,0.5,0.4461505310964526,0.4501660026875221,0.017864765790173848,0.3535453248935371
OpenAlex,power_validation,PV_0069_C1,PV_0069,Extenics and Innovation Methods,0,Physical Sciences,Nature,2019,297,0.4974958263772956,0.5209528260612379,0.4704888857969183,0.05442428381976528,0.3858404555138043
OpenAlex,power_validation,PV_0069_C2,PV_0069,Structural and Chemical Analysis of Organic and Inorganic Compounds,0,Physical Sciences,Nature,2019,300,0.5,0.4938591553643012,0.5906532827008858,0.0781072453273647,0.41565492084813793
OpenAlex,power_validation,PV_0070_P,PV_0070,Psychedelics and Drug Studies,1,Social Sciences,Cultures,2019,300,0.5,0.5139080308590407,0.71775105695774,0.1337275173206141,0.46634665128434866
OpenAlex,power_validation,PV_0070_C1,PV_0070,Rousseau and Enlightenment Thought,0,Social Sciences,Cultures,2019,300,0.5,0.5221066379766799,0.5906532827008858,0.0046666327904185565,0.4043566383669961
OpenAlex,power_validation,PV_0070_C2,PV_0070,"History, Culture, and Diplomacy",0,Social Sciences,Cultures,2019,300,0.5,0.5085920339275429,0.4419298941260467,0.004333306210080269,0.3637138085659175
OpenAlex,power_validation,PV_0071_P,PV_0071,Ultrasound in Clinical Applications,1,Health Sciences,Life,2019,300,0.5,0.5161600116255793,0.5744425168116589,0.07724580787267366,0.416962084077478
OpenAlex,power_validation,PV_0071_C1,PV_0071,Intestinal and Peritoneal Adhesions,0,Health Sciences,Life,2019,300,0.5,0.49859490352044467,0.737561621487625,0.09332761255838494,0.45737103439161364
OpenAlex,power_validation,PV_0071_C2,PV_0071,Adrenal Hormones and Disorders,0,Health Sciences,Life,2019,300,0.5,0.5122343425053006,0.6827993860934125,0.0857224302978838,0.44518903972414925
OpenAlex,power_validation,PV_0072_P,PV_0072,Genomics and Rare Diseases,1,Life Sciences,Life,2019,300,0.5,0.5049064898196183,0.7858349830425586,0.13536401264976392,0.4815263713779852
OpenAlex,power_validation,PV_0072_C1,PV_0072,"Agriculture, Land Use, Rural Development",0,Life Sciences,Life,2019,300,0.5,0.514587431430165,0.5083325618141193,0.08823659648551985,0.4027891474324511
OpenAlex,power_validation,PV_0072_C2,PV_0072,Pain Management and Placebo Effect,0,Life Sciences,Life,2019,300,0.5,0.5086032512245972,0.5825702064623146,0.09795158491650889,0.42228126065085514
OpenAlex,power_validation,PV_0073_P,PV_0073,Artificial Intelligence and Decision Support Systems,1,Physical Sciences,Nature,2019,300,0.5,0.5004889901687839,0.4916674381858807,0.04024491792119736,0.3831003365689655
OpenAlex,power_validation,PV_0073_C1,PV_0073,"Chaos, Complexity, and Education",0,Physical Sciences,Nature,2019,300,0.5,0.49246190729325406,0.8224934972879262,0.047164979858044846,0.46553009610980634
OpenAlex,power_validation,PV_0073_C2,PV_0073,Quasicrystal Structures and Properties,0,Physical Sciences,Nature,2019,300,0.5,0.5034110030708396,0.7109495026250039,0.03691654926012926,0.4378192637389932
OpenAlex,power_validation,PV_0074_P,PV_0074,Human Mobility and Location-Based Analysis,1,Social Sciences,Cultures,2019,300,0.5,0.4980704751041818,0.6681877721681662,0.13202478829428188,0.44957075889165743
OpenAlex,power_validation,PV_0074_C1,PV_0074,Evolutionary Psychology and Human Behavior,0,Social Sciences,Cultures,2019,300,0.5,0.5024738561739595,0.5332840382511312,0.081618039191197,0.4043439834040719
OpenAlex,power_validation,PV_0074_C2,PV_0074,French Literature and Poetry,0,Social Sciences,Cultures,2019,300,0.5,0.49947868151935454,0.5,0.0029999910000324,0.37561966812984676
OpenAlex,power_validation,PV_0075_P,PV_0075,Additive Manufacturing and 3D Printing Technologies,1,Physical Sciences,Nature,2019,300,0.5,0.4963897506745093,0.5825702064623146,0.27222622809334335,0.4627965463075418
OpenAlex,power_validation,PV_0075_C1,PV_0075,Environmental Sustainability and Education,0,Physical Sciences,Nature,2019,300,0.5,0.5096638435833747,0.5083325618141193,0.005199953131173599,0.38079908963216685
OpenAlex,power_validation,PV_0075_C2,PV_0075,Marine and environmental studies,0,Physical Sciences,Nature,2019,300,0.5,0.5059359513554686,0.6379936706609838,0.03145628519335056,0.4188464768024508
OpenAlex,power_validation,PV_0076_P,PV_0076,Chemotherapy-related skin toxicity,1,Health Sciences,Life,2019,300,0.5,0.4759378603755683,0.38540550173245053,0.01226605144404161,0.3434023533880151
OpenAlex,power_validation,PV_0076_C1,PV_0076,Neurosurgical Procedures and Complications,0,Health Sciences,Life,2019,300,0.5,0.49808026316499693,0.71775105695774,0.07658308511904106,0.44810360131044447
OpenAlex,power_validation,PV_0076_C2,PV_0076,Lysosomal Storage Disorders Research,0,Health Sciences,Life,2019,300,0.5,0.5046388707397444,0.6302602229177513,0.1150220187324849,0.4374802780974952
OpenAlex,power_validation,PV_0077_P,PV_0077,"Health, Education, and Aging",1,Social Sciences,Cultures,2019,300,0.5,0.49575199829479527,0.5,0.002333329098774654,0.3745213318483925
OpenAlex,power_validation,PV_0077_C1,PV_0077,Data Analysis and Archiving,0,Social Sciences,Cultures,2019,300,0.5,0.4983376706740883,0.574442516811659,0.05527692962045672,0.407014279276551
OpenAlex,power_validation,PV_0077_C2,PV_0077,Semiotics and Representation Studies,0,Social Sciences,Cultures,2019,300,0.5,0.5099562119593224,0.4501660026875221,0.005199953131173599,0.3663305419445045
OpenAlex,power_validation,PV_0078_P,PV_0078,Data Stream Mining Techniques,1,Physical Sciences,Nature,2019,300,0.5,0.5024600716535891,0.6302602229177513,0.563672707399869,0.5490982504928023
OpenAlex,power_validation,PV_0078_C1,PV_0078,Oil Palm Production and Sustainability,0,Physical Sciences,Nature,2019,300,0.5,0.5027352656873583,0.4833395034305885,0.06384636696855538,0.38748028402162554
OpenAlex,power_validation,PV_0078_C2,PV_0078,Laser-Ablation Synthesis of Nanoparticles,0,Physical Sciences,Nature,2019,300,0.5,0.508359141308097,0.6607563687658172,0.2879535373283643,0.4892672618505697
OpenAlex,power_validation,PV_0079_P,PV_0079,CRISPR and Genetic Engineering,1,Life Sciences,Life,2019,300,0.5,0.5059453540721672,0.6379936706609838,0.2689516037922151,0.47822265713134154
OpenAlex,power_validation,PV_0079_C1,PV_0079,Neuroscience and Neural Engineering,0,Life Sciences,Life,2019,300,0.5,0.4949536689338591,0.5580701058739533,0.20038471725014237,0.4383521230144887
OpenAlex,power_validation,PV_0079_C2,PV_0079,Metabolism and Genetic Disorders,0,Life Sciences,Life,2019,300,0.5,0.5005264918250409,0.5498339973124778,0.07592029469082595,0.4065701959570862
OpenAlex,power_validation,PV_0080_P,PV_0080,Media Discourse and Social  Analysis,1,Social Sciences,Cultures,2019,300,0.5,0.5009106340381541,0.48333950343058857,0.005266617971997062,0.37237918886018495
OpenAlex,power_validation,PV_0080_C1,PV_0080,"Utopian, Dystopian, and Speculative Fiction",0,Social Sciences,Cultures,2019,300,0.5,0.5056394583946552,0.598687660112452,0.007533190828222582,0.4029650773338324
OpenAlex,power_validation,PV_0080_C2,PV_0080,"Science, Technology, and Education in Latin America",0,Social Sciences,Cultures,2019,300,0.5,0.5159391403801012,0.52497918747894,0.011932766912363089,0.38821277369285107
OpenAlex,power_validation,PV_0081_P,PV_0081,Advanced Battery Technologies Research,1,Physical Sciences,Nature,2019,300,0.5,0.4990052734018615,0.5415704832167999,0.29393380894424675,0.45862739139072706
OpenAlex,power_validation,PV_0081_C1,PV_0081,Ferroelectric and Negative Capacitance Devices,0,Physical Sciences,Nature,2019,300,0.5,0.5099426060120007,0.7109495026250039,0.08108823564825428,0.4504950860713147
OpenAlex,power_validation,PV_0081_C2,PV_0081,Cloud Computing and Resource Management,0,Physical Sciences,Nature,2019,300,0.5,0.5027539467459836,0.52497918747894,0.0683598835123918,0.39902325443432884
OpenAlex,power_validation,PV_0082_P,PV_0082,Women's cancer prevention and management,1,Health Sciences,Life,2019,300,0.5,0.5081955999806467,0.4419298941260467,0.0194642080676872,0.36739742554359517
OpenAlex,power_validation,PV_0082_C1,PV_0082,Pericarditis and Cardiac Tamponade,0,Health Sciences,Life,2019,300,0.5,0.5093163457603656,0.7625419716560975,0.07485969068749909,0.4616795020259905
OpenAlex,power_validation,PV_0082_C2,PV_0082,Healthcare Operations and Scheduling Optimization,0,Health Sciences,Life,2019,300,0.5,0.5062286010163957,0.6681877721681662,0.06504138320772312,0.43486443909807126
OpenAlex,power_validation,PV_0083_P,PV_0083,Critical Race Theory in Education,1,Social Sciences,Cultures,2019,300,0.5,0.49533261971343157,0.4337256058045608,0.07187584144881774,0.3752335167417025
OpenAlex,power_validation,PV_0083_C1,PV_0083,Inclusion and Disability in Education and Sport,0,Social Sciences,Cultures,2019,300,0.5,0.5102573810437268,0.5,0.06258476233557024,0.39321053584482424
OpenAlex,power_validation,PV_0083_C2,PV_0083,Mentoring and Academic Development,0,Social Sciences,Cultures,2019,300,0.5,0.5062632957247685,0.4584295167832001,0.06935514207120601,0.3835119886447936
OpenAlex,power_validation,PV_0084_P,PV_0084,Tailings Management and Properties,1,Physical Sciences,Nature,2019,300,0.5,0.502847258983723,0.5906532827008858,0.11311384156924588,0.4266535958134637
OpenAlex,power_validation,PV_0084_C1,PV_0084,Advanced Mathematical Theories,0,Physical Sciences,Nature,2019,300,0.5,0.5106951155679194,0.6456563062257954,0.007399864928291943,0.4159378216805017
OpenAlex,power_validation,PV_0084_C2,PV_0084,Earthquake and Tsunami Effects,0,Physical Sciences,Nature,2019,300,0.5,0.5170386023203958,0.5906532827008859,0.03851427299424864,0.41155153950388257
OpenAlex,power_validation,PV_0085_P,PV_0085,"Gender, Sexuality, and Education",1,Social Sciences,Cultures,2019,300,0.5,0.5050739600025108,0.52497918747894,0.011332848123694408,0.3853464989012863
OpenAlex,power_validation,PV_0085_C1,PV_0085,Posttraumatic Stress Disorder Research,0,Social Sciences,Cultures,2019,300,0.5,0.5099782008599831,0.6145944982675495,0.3767500547417924,0.5003306884673313
OpenAlex,power_validation,PV_0085_C2,PV_0085,Socioeconomic Development in Asia,0,Social Sciences,Cultures,2019,300,0.5,0.5066102962205267,0.5166604965694115,0.030523848286521035,0.3884486602691148
OpenAlex,power_validation,PV_0086_P,PV_0086,Aquatic life and conservation,1,Life Sciences,Life,2019,300,0.5,0.5024736758061059,0.6681877721681662,0.04703194229358135,0.4294233475669634
OpenAlex,power_validation,PV_0086_C1,PV_0086,Agricultural and Biological Research,0,Life Sciences,Life,2019,300,0.5,0.5021402642989521,0.598687660112452,0.015598734651173975,0.4041066647656445
OpenAlex,power_validation,PV_0086_C2,PV_0086,Irrigation Practices and Water Management,0,Life Sciences,Life,2019,300,0.5,0.5096480655703715,0.5906532827008859,0.11535092942138146,0.4289130694231597
OpenAlex,power_validation,PV_0087_P,PV_0087,Viral Infections and Outbreaks Research,1,Health Sciences,Life,2019,300,0.5,0.5096064378388555,0.425557483188341,0.37652121591753895,0.45292128423618394
OpenAlex,power_validation,PV_0087_C1,PV_0087,Metastasis and carcinoma case studies,0,Health Sciences,Life,2019,300,0.5,0.503854826345805,0.3697397770822487,0.031922483216897835,0.35137927166123795
OpenAlex,power_validation,PV_0087_C2,PV_0087,Retinal and Macular Surgery,0,Health Sciences,Life,2019,300,0.5,0.501878686628505,0.6607563687658172,0.09431880967865929,0.4392384662682454
OpenAlex,power_validation,PV_0088_P,PV_0088,Recycling and Waste Management Techniques,1,Physical Sciences,Nature,2019,300,0.5,0.49686873765659045,0.6224593312018546,0.3543415388711299,0.49341740193239375
OpenAlex,power_validation,PV_0088_C1,PV_0088,Copper-based nanomaterials and applications,0,Physical Sciences,Nature,2019,300,0.5,0.5098622915697515,0.5083325618141193,0.3463879294738666,0.46614569571443437
OpenAlex,power_validation,PV_0088_C2,PV_0088,Flexible and Reconfigurable Manufacturing Systems,0,Physical Sciences,Nature,2019,300,0.5,0.5002324273820027,0.6145944982675495,0.07638425507007368,0.4228027951799065
OpenAlex,power_validation,PV_0089_P,PV_0089,Corporate Social Responsibility Reporting,1,Social Sciences,Cultures,2019,300,0.5,0.49908643060153357,0.4419298941260467,0.22191239818087694,0.41573218072711426
OpenAlex,power_validation,PV_0089_C1,PV_0089,German Social Sciences and History,0,Social Sciences,Cultures,2019,300,0.5,0.5070094575859077,0.47502081252106,0.010399625061554662,0.37310747379213055
OpenAlex,power_validation,PV_0089_C2,PV_0089,Ethics in Business and Education,0,Social Sciences,Cultures,2019,300,0.5,0.5072655663628022,0.46671596174886876,0.09577222672361581,0.3924384387088217
OpenAlex,power_validation,PV_0090_P,PV_0090,Electrocatalysts for Energy Conversion,1,Physical Sciences,Nature,2019,300,0.5,0.5073773742730887,0.5662743941954391,0.39389329877957624,0.491886266812026
OpenAlex,power_validation,PV_0090_C1,PV_0090,Bone Tissue Engineering Materials,0,Physical Sciences,Nature,2019,300,0.5,0.5006222747847349,0.6379936706609838,0.2598367540018585,0.4746131748618943
OpenAlex,power_validation,PV_0090_C2,PV_0090,Planetary Science and Exploration,0,Physical Sciences,Nature,2019,300,0.5,0.5157373519009242,0.6456563062257954,0.09141077516881174,0.4382011083238828
OpenAlex,power_validation,PV_0091_P,PV_0091,Impact of Education Environments,1,Social Sciences,Cultures,2019,300,0.5,0.5106295793909882,0.5580701058739532,0.015065526703411812,0.39594130299208835
OpenAlex,power_validation,PV_0091_C1,PV_0091,Philosophy and Literary Analysis,0,Social Sciences,Cultures,2019,300,0.5,0.5122750142498904,0.4337256058045608,0.005133288244129582,0.3627834770746452
OpenAlex,power_validation,PV_0091_C2,PV_0091,Philosophy and Phenomenology Studies,0,Social Sciences,Cultures,2019,300,0.5,0.5295003353610235,0.5166604965694115,0.001599998634668065,0.38694020764127574
OpenAlex,power_validation,PV_0092_P,PV_0092,Palliative and Oncologic Care,1,Health Sciences,Life,2019,300,0.5,0.4964085469212675,0.4584295167832001,0.027459761636493645,0.3705744563352403
OpenAlex,power_validation,PV_0092_C1,PV_0092,Anorectal Disease Treatments and Outcomes,0,Health Sciences,Life,2019,300,0.5,0.5133946370065614,0.7744014530142785,0.0513547822035094,0.4597877180560873
OpenAlex,power_validation,PV_0092_C2,PV_0092,Abdominal Surgery and Complications,0,Health Sciences,Life,2019,300,0.5,0.5007758612835955,0.668187772168166,0.060193808242639396,0.4322893604236002
OpenAlex,power_validation,PV_0093_P,PV_0093,Advanced Image Processing Techniques,1,Physical Sciences,Nature,2019,300,0.5,0.5081449557936373,0.5906532827008858,0.21874088097215072,0.4543847798666685
OpenAlex,power_validation,PV_0093_C1,PV_0093,User Authentication and Security Systems,0,Physical Sciences,Nature,2019,300,0.5,0.5085228042295946,0.6379936706609838,0.1574134712795942,0.4509824865425432
OpenAlex,power_validation,PV_0093_C2,PV_0093,High-Temperature Coating Behaviors,0,Physical Sciences,Nature,2019,300,0.5,0.4730760617775115,0.45842951678320015,0.2586552182680338,0.42254019920718633
OpenAlex,power_validation,PV_0094_P,PV_0094,Biomarkers in Disease Mechanisms,1,Life Sciences,Life,2019,300,0.5,0.5071013553431327,0.6066693561082115,0.09603644068434736,0.4274517880339229
OpenAlex,power_validation,PV_0094_C1,PV_0094,14-3-3 protein interactions,0,Life Sciences,Life,2019,300,0.5,0.495412259121965,0.52497918747894,0.06271757231286891,0.3957772547284435
OpenAlex,power_validation,PV_0094_C2,PV_0094,Genetics and Physical Performance,0,Life Sciences,Life,2019,300,0.5,0.5039004029684351,0.6379936706609838,0.06504138320772312,0.4267338642092855
OpenAlex,power_validation,PV_0095_P,PV_0095,Diverse Cultural and Social Studies,1,Social Sciences,Cultures,2019,300,0.5,0.4969664949051826,0.4667159617488687,0.01233270802570079,0.36900379116993803
OpenAlex,power_validation,PV_0095_C1,PV_0095,Tattoo and Body Piercing Complications,0,Social Sciences,Cultures,2019,300,0.5,0.5061809367345929,0.5,0.04117670430775476,0.3868394102605869
OpenAlex,power_validation,PV_0095_C2,PV_0095,"Globalization, Historical Perspectives, and International Relations",0,Social Sciences,Cultures,2019,300,0.5,0.5000190275744991,0.48333950343058857,0.00486662824559856,0.3720562898126715
OpenAlex,power_validation,PV_0096_P,PV_0096,Multimedia Learning Systems,1,Physical Sciences,Nature,2019,300,0.5,0.5009561384671446,0.5662743941954392,0.020130613417995085,0.3968402865201447
OpenAlex,power_validation,PV_0096_C1,PV_0096,History and advancements in chemistry,0,Physical Sciences,Nature,2019,300,0.5,0.49888792107620605,0.5415704832167999,0.00926640142945616,0.3874312014306155
OpenAlex,power_validation,PV_0096_C2,PV_0096,Synthesis and biological activity,0,Physical Sciences,Nature,2019,300,0.5,0.5030154096656836,0.6379936706609838,0.15728343908464756,0.44957312985282877
OpenAlex,power_validation,PV_0097_P,PV_0097,Brain Metastases and Treatment,1,Health Sciences,Life,2019,300,0.5,0.5007586966736344,0.7177510569577399,0.12454990413808087,0.4607649144423638
OpenAlex,power_validation,PV_0097_C1,PV_0097,Vasculitis and related conditions,0,Health Sciences,Life,2019,300,0.5,0.5031964139834313,0.6755363229894542,0.05667254295082079,0.4338513199809266
OpenAlex,power_validation,PV_0097_C2,PV_0097,Neurological and metabolic disorders,0,Health Sciences,Life,2019,300,0.5,0.5041474476851822,0.574442516811659,0.04137636355663513,0.40499158201336904
OpenAlex,power_validation,PV_0098_P,PV_0098,European and Russian Geopolitical Military Strategies,1,Social Sciences,Cultures,2019,300,0.5,0.5083873981413118,0.6066693561082115,0.022995945191328686,0.409513174860213
OpenAlex,power_validation,PV_0098_C1,PV_0098,"Memory, violence, and history",0,Social Sciences,Cultures,2019,300,0.5,0.5091401181573907,0.5,0.005266617971997062,0.37860168403234695
OpenAlex,power_validation,PV_0098_C2,PV_0098,Interdisciplinary Research and Collaboration,0,Social Sciences,Cultures,2019,300,0.5,0.509971003521765,0.5906532827008859,0.04669934109280504,0.411830906828864
OpenAlex,power_validation,PV_0099_P,PV_0099,Supercapacitor Materials and Fabrication,1,Physical Sciences,Nature,2019,300,0.5,0.5048037608265229,0.5332840382511312,0.3567293619063428,0.47370429024599925
OpenAlex,power_validation,PV_0099_C1,PV_0099,Quantum and electron transport phenomena,0,Physical Sciences,Nature,2019,300,0.5,0.5030654397267802,0.7502601055951177,0.13856939403803412,0.472973734839983
OpenAlex,power_validation,PV_0099_C2,PV_0099,Heavy metals in environment,0,Physical Sciences,Nature,2019,300,0.5,0.5031917253451976,0.5332840382511312,0.24008722095880763,0.4441407461387841
OpenAlex,power_validation,PV_0100_P,PV_0100,Ginger and Zingiberaceae research,1,Life Sciences,Life,2019,300,0.5,0.4987678984519871,0.6456563062257954,0.10764794049926092,0.4380180362942609
OpenAlex,power_validation,PV_0100_C1,PV_0100,Redox biology and oxidative stress,0,Life Sciences,Life,2019,300,0.5,0.5043568733814559,0.5580701058739533,0.1787263161966791,0.4352883238630221
OpenAlex,power_validation,PV_0100_C2,PV_0100,Calcium signaling and nucleotide metabolism,0,Life Sciences,Life,2019,300,0.5,0.4994985113829712,0.6456563062257954,0.3537584398308205,0.4997283143598968
OpenAlex,power_validation,PV_0101_P,PV_0101,Arctic and Russian Policy Studies,1,Social Sciences,Cultures,2019,300,0.5,0.5038764272098195,0.5906532827008859,0.02546116261620449,0.40499771813172747
OpenAlex,power_validation,PV_0101_C1,PV_0101,Educational Games and Gamification,0,Social Sciences,Cultures,2019,300,0.5,0.5100014366135659,0.5906532827008859,0.15786854095020902,0.4396308150661652
OpenAlex,power_validation,PV_0101_C2,PV_0101,Religious Tourism and Spaces,0,Social Sciences,Cultures,2019,300,0.5,0.5042009271612594,0.5662743941954392,0.019330924903296288,0.3974515615649987
OpenAlex,power_validation,PV_0102_P,PV_0102,Mechanical Systems and Engineering,1,Physical Sciences,Nature,2019,300,0.5,0.4992903949964651,0.6899744811276124,0.012865956683361051,0.4255327082018596
OpenAlex,power_validation,PV_0102_C1,PV_0102,Fecal contamination and water quality,0,Physical Sciences,Nature,2019,300,0.5,0.5026395477182792,0.6899744811276125,0.09240232826983953,0.44625408927893284
OpenAlex,power_validation,PV_0102_C2,PV_0102,Block Copolymer Self-Assembly,0,Physical Sciences,Nature,2019,300,0.5,0.49639387582494154,0.6681877721681662,0.13935394571721124,0.45098389842757974
OpenAlex,power_validation,PV_0103_P,PV_0103,Sepsis Diagnosis and Treatment,1,Health Sciences,Life,2019,300,0.5,0.5012719427848027,0.6681877721681662,0.15578767791689727,0.4563118482174665
OpenAlex,power_validation,PV_0103_C1,PV_0103,Health and Medical Education,0,Health Sciences,Life,2019,300,0.5,0.5063497810212829,0.5083325618141193,0.010332965558917924,0.3812538270985801
OpenAlex,power_validation,PV_0103_C2,PV_0103,Child Nutrition and Feeding Issues,0,Health Sciences,Life,2019,300,0.5,0.4980043962127199,0.6379936706609838,0.09293108179393178,0.43223228716690887
OpenAlex,power_validation,PV_0104_P,PV_0104,Resilience and Mental Health,1,Social Sciences,Cultures,2019,300,0.5,0.5029848864089554,0.6532449007182834,0.0878396967770398,0.4360173709760697
OpenAlex,power_validation,PV_0104_C1,PV_0104,Linguistics and Cultural Studies,0,Social Sciences,Cultures,2019,300,0.5,0.4996181482195673,0.5332840382511312,0.004199975304174253,0.38427554044371814
OpenAlex,power_validation,PV_0104_C2,PV_0104,Diverse Cultural and Historical Studies,0,Social Sciences,Cultures,2019,300,0.5,0.49915320200674596,0.4916674381858807,0.0016666651234585048,0.3731218263290213
OpenAlex,power_validation,PV_0105_P,PV_0105,Land Use and Ecosystem Services,1,Physical Sciences,Nature,2019,300,0.5,0.4978883143588126,0.47502081252106004,0.24842482897420526,0.4303334889635195
OpenAlex,power_validation,PV_0105_C1,PV_0105,Quantum Mechanics and Applications,0,Physical Sciences,Nature,2019,300,0.5,0.5269338257592384,0.8125502070042587,0.05268450728032843,0.4730421350109564
OpenAlex,power_validation,PV_0105_C2,PV_0105,Gold and Silver Nanoparticles Synthesis and Applications,0,Physical Sciences,Nature,2019,300,0.5,0.49903663138631366,0.5498339973124778,0.2221025407168512,0.44274329235391074
OpenAlex,power_validation,PV_0106_P,PV_0106,Education Pedagogy and Practices,1,Social Sciences,Cultures,2019,300,0.5,0.5091551610028532,0.52497918747894,0.0094663838829271,0.38590018309118007
OpenAlex,power_validation,PV_0106_C1,PV_0106,Ancient Mediterranean Archaeology and History,0,Social Sciences,Cultures,2019,300,0.5,0.50606266559897,0.5083325618141193,0.008066491702233064,0.38061542977883056
OpenAlex,power_validation,PV_0106_C2,PV_0106,Child and Adolescent Psychosocial and Emotional Development,0,Social Sciences,Cultures,2019,300,0.5,0.5003870958360177,0.5662743941954392,0.162675140939683,0.432334157742785
OpenAlex,power_validation,PV_0107_P,PV_0107,"Cancer, Lipids, and Metabolism",1,Life Sciences,Life,2019,300,0.5,0.49324084666939755,0.5825702064623146,0.11969015338904049,0.42387530163018816
OpenAlex,power_validation,PV_0107_C1,PV_0107,Molecular Biology Techniques and Applications,0,Life Sciences,Life,2019,300,0.5,0.49924811094733185,0.5332840382511312,0.07737834425152644,0.40247762336249737
OpenAlex,power_validation,PV_0107_C2,PV_0107,Lipid Membrane Structure and Behavior,0,Life Sciences,Life,2019,300,0.5,0.5003875944859423,0.6379936706609838,0.24711077366508089,0.4713730097030017
OpenAlex,power_validation,PV_0108_P,PV_0108,Physical Unclonable Functions (PUFs) and Hardware Security,1,Physical Sciences,Nature,2019,300,0.5,0.5071971795002745,0.6532449007182834,0.10276922369494068,0.44080282597837467
OpenAlex,power_validation,PV_0108_C1,PV_0108,Mechatronics Education and Applications,0,Physical Sciences,Nature,2019,300,0.5,0.49582025581110983,0.6899744811276125,0.03618419564154704,0.4304947331450673
OpenAlex,power_validation,PV_0108_C2,PV_0108,Heat and Mass Transfer in Porous Media,0,Physical Sciences,Nature,2019,300,0.5,0.5074088598816566,0.549833997312478,0.14934132406910217,0.4266460453158092
OpenAlex,power_validation,PV_0109_P,PV_0109,Mathematical and Theoretical Epidemiology and Ecology Models,1,Health Sciences,Life,2019,300,0.5,0.5006372477453629,0.6456563062257954,0.11863863365584985,0.441233046906752
OpenAlex,power_validation,PV_0109_C1,PV_0109,Hernia repair and management,0,Health Sciences,Life,2019,300,0.5,0.505526198737678,0.7858349830425586,0.07823976384758884,0.4674002364069564
OpenAlex,power_validation,PV_0109_C2,PV_0109,Viral-associated cancers and disorders,0,Health Sciences,Life,2019,300,0.5,0.5035469177753051,0.6456563062257955,0.09867782997643838,0.4369702634943848
OpenAlex,power_validation,PV_0110_P,PV_0110,Suicide and Self-Harm Studies,1,Social Sciences,Cultures,2019,300,0.5,0.5060248227647246,0.5083325618141193,0.13261428319994392,0.41174291694469695
OpenAlex,power_validation,PV_0110_C1,PV_0110,Military History and Strategy,0,Social Sciences,Cultures,2019,300,0.5,0.5118346729836607,0.5332840382511312,0.009866346502146356,0.3887462644342346
OpenAlex,power_validation,PV_0110_C2,PV_0110,Visual Culture and Art Theory,0,Social Sciences,Cultures,2019,300,0.5,0.5071982160887332,0.4667159617488687,0.011466164130331502,0.37134508549198336
OpenAlex,power_validation,PV_0111_P,PV_0111,Rock Mechanics and Modeling,1,Physical Sciences,Nature,2019,300,0.5,0.4917084382750565,0.6456563062257955,0.1986563729787865,0.4590052793699096
OpenAlex,power_validation,PV_0111_C1,PV_0111,Non-Invasive Vital Sign Monitoring,0,Physical Sciences,Nature,2019,300,0.5,0.5106630287109362,0.5580701058739533,0.12225210344628021,0.4227463095077924
OpenAlex,power_validation,PV_0111_C2,PV_0111,Space exploration and regulation,0,Physical Sciences,Nature,2019,300,0.5,0.5170989372205368,0.6302602229177513,0.04616715766371353,0.4233815794505004
OpenAlex,power_validation,PV_0112_P,PV_0112,Social Sciences and Humanities,1,Social Sciences,Cultures,2019,300,0.5,0.5085686892458454,0.5415704832167999,0.011599479729336363,0.3904346630479954
OpenAlex,power_validation,PV_0112_C1,PV_0112,Appreciative Inquiry and Organizational Change,0,Social Sciences,Cultures,2019,300,0.5,0.5102922178445873,0.5662743941954392,0.0025333279138904556,0.3947749849884793
OpenAlex,power_validation,PV_0112_C2,PV_0112,Economic Development and Regional Competitiveness,0,Social Sciences,Cultures,2019,299,0.4991680532445924,0.4998764991324564,0.5424007078010767,0.013912145818936421,0.3888393514992655
OpenAlex,power_validation,PV_0113_P,PV_0113,Food Security and Health in Diverse Populations,1,Health Sciences,Life,2019,300,0.5,0.5071311684157298,0.6145944982675495,0.15656816463774978,0.44457345783025726
OpenAlex,power_validation,PV_0113_C1,PV_0113,Tissue Engineering and Regenerative Medicine,0,Health Sciences,Life,2019,300,0.5,0.5141273096934944,0.8175744761936437,0.25192449799379085,0.5209065709702322
OpenAlex,power_validation,PV_0113_C2,PV_0113,Gallbladder and Bile Duct Disorders,0,Health Sciences,Life,2019,300,0.5,0.5080972587348959,0.574442516811659,0.06743085270970876,0.41249265706406596
OpenAlex,power_validation,PV_0114_P,PV_0114,Tensor decomposition and applications,1,Physical Sciences,Nature,2019,300,0.5,0.5042459036808257,0.7564535292304042,0.08135314316654998,0.460513144019445
OpenAlex,power_validation,PV_0114_C1,PV_0114,Information Architecture and Usability,0,Physical Sciences,Nature,2019,300,0.5,0.5033055843646035,0.5,0.003666650234656269,0.37674305864981494
OpenAlex,power_validation,PV_0114_C2,PV_0114,Systems Engineering Methodologies and Applications,0,Physical Sciences,Nature,2019,300,0.5,0.5231295673595585,0.6456563062257954,0.04756408249316227,0.429087489019629
OpenAlex,power_validation,PV_0115_P,PV_0115,Phytochemistry and Bioactivity Studies,1,Life Sciences,Life,2019,300,0.5,0.5105092605557211,0.6145944982675495,0.15149154791370392,0.44414882668424366
OpenAlex,power_validation,PV_0115_C1,PV_0115,Agricultural safety and regulations,0,Life Sciences,Life,2019,300,0.5,0.4988861847355028,0.6607563687658171,0.052352093340720975,0.4279986617105102
OpenAlex,power_validation,PV_0115_C2,PV_0115,Pasture and Agricultural Systems,0,Life Sciences,Life,2019,300,0.5,0.5142452168288266,0.6224593312018545,0.04357239370586102,0.42006923543413555
OpenAlex,power_validation,PV_0116_P,PV_0116,"Education, Literature, Philosophy Research",1,Social Sciences,Cultures,2019,300,0.5,0.490989434006374,0.5580701058739533,0.006466576527631221,0.38888152910198964
OpenAlex,power_validation,PV_0116_C1,PV_0116,Forensic Fingerprint Detection Methods,0,Social Sciences,Cultures,2019,300,0.5,0.5109567257153635,0.598687660112452,0.06849259255885222,0.41953424459666694
OpenAlex,power_validation,PV_0116_C2,PV_0116,"Decadence, Literature, and Society",0,Social Sciences,Cultures,2019,300,0.5,0.49755248854881573,0.5083325618141193,0.008199816215609728,0.3785212166446362
OpenAlex,power_validation,PV_0117_P,PV_0117,Freshwater macroinvertebrate diversity and ecology,1,Physical Sciences,Nature,2019,300,0.5,0.5065178703520935,0.4419298941260467,0.047896656427338896,0.3740861052263698
OpenAlex,power_validation,PV_0117_C1,PV_0117,Assembly Line Balancing Optimization,0,Physical Sciences,Nature,2019,300,0.5,0.5132547572028445,0.5744425168116589,0.10685714302906414,0.4236386042608919
OpenAlex,power_validation,PV_0117_C2,PV_0117,Calcium Carbonate Crystallization and Inhibition,0,Physical Sciences,Nature,2019,300,0.5,0.506314245457863,0.5662743941954391,0.1369343537359937,0.427380748347324
OpenAlex,power_validation,PV_0118_P,PV_0118,Humanities and Social Sciences,1,Social Sciences,Cultures,2019,300,0.5,0.5078672417401741,0.6532449007182834,0.008533126213242684,0.41741131716792507
OpenAlex,power_validation,PV_0118_C1,PV_0118,Global Urban Networks and Dynamics,0,Social Sciences,Cultures,2019,300,0.5,0.49892178962974626,0.5662743941954391,0.016865067413886006,0.3955153128097678
OpenAlex,power_validation,PV_0118_C2,PV_0118,Franchising Strategies and Performance,0,Social Sciences,Cultures,2019,300,0.5,0.5091890146990738,0.6066693561082114,0.021530005726614527,0.4093470941334749
OpenAlex,power_validation,PV_0119_P,PV_0119,Infectious Encephalopathies and Encephalitis,1,Health Sciences,Life,2019,300,0.5,0.50168477202329,0.6532449007182834,0.40392751069209876,0.5147142958584181
OpenAlex,power_validation,PV_0119_C1,PV_0119,Otolaryngology and Infectious Diseases,0,Health Sciences,Life,2019,300,0.5,0.5089995476333466,0.7564535292304042,0.06517415133800937,0.45765680705044004
OpenAlex,power_validation,PV_0119_C2,PV_0119,Foreign Body Medical Cases,0,Health Sciences,Life,2019,300,0.5,0.5057793098185688,0.6456563062257955,0.02566103194159813,0.4192741619964906
