source,region_id,offset,cutoff_year,max_publication_year,possibility_pressure,question_pressure,anomaly_pressure,doubt_tension,pattern_formation,cross_domain_similarity,analogical_transfer,bridge_formation,collision_index,surprise_geometry,insight_coherence,leap_nonlinearity,originality_risk,density_gap,boundary_activity,complementarity,momentum,recombination,convergence,sequence_order_score,stage_possibility,stage_question,stage_pattern,stage_imagination,stage_insight,stage_discovery_readiness,core_geometry_score,n_docs,mean_citations,topic_entropy,activity_recent,activity_prior,question_rate,years_covered,quality_eligible,skg,pbs,bookwide_pbsk,match_case_id,label,target,domain,book_realm,landmark_year,cohort
OpenAlex,crispr,5,2007,2007,0.48034948546918743,0.6743096978854795,0.09275586112736403,0.3759622303493606,0.542749686802368,0.6007453024089157,0.09042074679079797,0.7348837209302326,0.5015300130938091,0.41480657611675475,0.5003059497214907,0.6738853503184714,0.41480657611675475,0.39925469759108434,0.3581395348837209,0.9754646210631851,0.5529953917050691,0.20481373574959405,0.5617037489710398,0.5333333333333333,0.4095307750254932,0.2864936463322541,0.4459836624827037,0.4693108012999923,0.38610078954602883,0.5835822648397129,0.517659909597363,215,7.441860465116279,0.9754646210631851,119,96,0.20465116279069767,6,1,0.5186064822595278,0.5342580153839738,0.42056258692419496,crispr,CRISPR-Cas genome editing,1,Life Sciences,Life,2012,landmark
OpenAlex,crispr,3,2009,2009,0.4745122524442078,0.6316676138405006,0.06634757077611565,0.3205194390254763,0.5479496213393005,0.5790249247680959,0.08603854310812499,0.7408637873754153,0.5111845710553544,0.4034057164753233,0.49930495915392425,0.6738853503184714,0.4034057164753233,0.42097507523190414,0.3089700996677741,0.9711423762129627,0.5252100840336135,0.2005660500527116,0.5549118062938581,0.6,0.39519073628956736,0.2377146807879822,0.4444332446765615,0.455051396679309,0.3816064928116913,0.5966094213121625,0.5358847664305549,301,7.06312292358804,0.9711423762129627,124,112,0.18604651162790697,8,1,0.501747534497263,0.5222923987769201,0.4036509093789987,crispr,CRISPR-Cas genome editing,1,Life Sciences,Life,2012,landmark
OpenAlex,crispr,1,2011,2011,0.4646588941629135,0.5784926210105112,0.08474768670674,0.28329606837521104,0.5516446752084928,0.6058145484842805,0.10960130261143977,0.7597087378640777,0.5131235501754071,0.39710974643181357,0.5003990968487992,0.6738853503184714,0.39710974643181357,0.3941854515157195,0.3131067961165049,0.9689118668597438,0.5787545787545787,0.23813810625209833,0.5204575239007717,0.6,0.3856344110564408,0.2403746922095317,0.4695974154854773,0.45714460315035704,0.3958313929818605,0.6162315105234674,0.5333071905985511,412,6.587378640776699,0.9689118668597438,157,114,0.1650485436893204,10,1,0.49267340610375016,0.523936448921906,0.4114808789132877,crispr,CRISPR-Cas genome editing,1,Life Sciences,Life,2012,landmark
OpenAlex,ips,5,2001,2001,0.5065530455741262,0.7357623128722589,0.08383636531402051,0.24689246502029602,0.5335396649090357,0.5465466557765367,0.34650974575328347,0.8487394957983193,0.5679443189227519,0.4303850232452133,0.4974643530632848,0.7677543186180421,0.4303850232452133,0.4534533442234633,0.35294117647058826,0.9207892650895386,0.6859504132231407,0.7469883010951118,0.5127128337715487,0.43333333333333335,0.43279937306897737,0.24787112542250667,0.6064912185128597,0.46606574099748566,0.5754178343359906,0.6111001109345524,0.5065730533100442,119,45.57142857142857,0.9207892650895386,82,37,0.23529411764705882,6,1,0.5281999979916375,0.5999350743154327,0.4691517312805922,ips,Induced pluripotent stem cells,1,Life Sciences,Life,2006,landmark
OpenAlex,ips,3,2003,2003,0.5173007119297615,0.9314147822600678,0.22045845319533597,0.8506834010974648,0.556537106102108,0.5370816811197934,0.36431499869577116,0.8724137931034482,0.5583109396207027,0.4186991998544241,0.5317734120586401,0.7887358135582934,0.4186991998544241,0.4629183188802066,0.27241379310344827,0.8749103047350324,0.7698113207547168,0.777524689371402,0.4439595781396004,0.4,0.4025552660457114,0.5590010371246018,0.6127829511653711,0.4549337957128938,0.5683223636039065,0.6239147916613402,0.4749104312074417,290,47.93448275862069,0.8749103047350324,203,60,0.41724137931034483,8,1,0.47962189146672696,0.5818665871150253,0.530316945633609,ips,Induced pluripotent stem cells,1,Life Sciences,Life,2006,landmark
OpenAlex,ips,1,2005,2005,0.49561184133347436,0.931595257427442,0.237155793223418,0.7661707719294821,0.5716308001558836,0.543843992144919,0.403518037233646,0.8681318681318682,0.5248831663963193,0.38144316175953535,0.5247047620713026,0.7887358135582934,0.38144316175953535,0.45615600785508104,0.21318681318681318,0.8304223609301906,0.6957605985037405,0.8546787737304856,0.48688874181038105,0.26666666666666666,0.3639193406547823,0.5531745558076431,0.6140237793469868,0.4293169158569746,0.6021655218556436,0.5269709902541491,0.3925712987298207,455,56.22417582417582,0.8304223609301906,278,121,0.4175824175824176,10,1,0.43223930602075217,0.5628183148145838,0.50627776348855,ips,Induced pluripotent stem cells,1,Life Sciences,Life,2006,landmark
OpenAlex,mrna,5,2015,2015,0.46505925956339433,0.9773953573935389,0.2630294645395157,0.5981333906977965,0.5800132108115243,0.7622707088738908,0.7086247288339073,0.936026936026936,0.5118725467063598,0.3410703262166813,0.5010967478397301,0.7306616961789376,0.3410703262166813,0.2377292911261092,0.3265993265993266,0.8836449869059808,0.5317725752508362,0.9931588693147471,0.5915147293711929,0.6,0.3305233090323043,0.5357443176199389,0.704882028913804,0.44592898462101627,0.6652250952028655,0.615457179688893,0.5009712288187391,297,40.24242424242424,0.8836449869059808,158,139,0.5589225589225589,6,1,0.40937872219473226,0.5574037035510624,0.5324572097880432,mrna,mRNA vaccine technology,1,Life Sciences,Life,2020,landmark
OpenAlex,mrna,3,2017,2017,0.4590846258425208,0.9764963401244123,0.2744686218100928,0.6216559286387505,0.5848842534554886,0.7635780159330454,0.7080446243863959,0.9366197183098591,0.5008436110914001,0.33386454355767475,0.5036330504686518,0.7306616961789376,0.33386454355767475,0.23642198406695458,0.2863849765258216,0.8649721388218865,0.5406976744186047,0.990019883684148,0.5262946993756257,0.43333333333333335,0.3144200840198391,0.550264041733953,0.6999703151701694,0.4398770849379833,0.6402197172043789,0.5552616082669954,0.43844239976263627,426,49.34976525821596,0.8649721388218865,185,157,0.5539906103286385,8,1,0.38834114134860265,0.5366066643204819,0.5162814379545921,mrna,mRNA vaccine technology,1,Life Sciences,Life,2020,landmark
OpenAlex,mrna,1,2019,2019,0.46807760977650975,0.9772897647784408,0.2759873413219676,0.6351489523872873,0.5958787266902088,0.7934460345848817,0.7412133740018858,0.9416666666666667,0.4835176650917934,0.31449044166130674,0.5062478950417244,0.7306616961789376,0.31449044166130674,0.20655396541511828,0.36333333333333334,0.8511348875248735,0.5724637681159421,0.9920387933370663,0.6554379114620913,0.5333333333333333,0.32750571474392787,0.5553874132379338,0.7025574001531252,0.4281317456290174,0.6904641718029375,0.6064863412484232,0.46888180147852393,600,62.791666666666664,0.8511348875248735,236,176,0.5583333333333333,10,1,0.39974133406612905,0.5675935685250767,0.5329331335440813,mrna,mRNA vaccine technology,1,Life Sciences,Life,2020,landmark
OpenAlex,alphafold2,5,2016,2016,0.2833538430615917,0.7615941559557649,0.3027097293321085,0.5545997223493823,0.0,0.0,0.0,0.8125,0.39951249497508656,0.0,0.0,0.8,0.0,0.0,0.0,0.9834153722463669,0.2777777777777778,0.029158398839580997,0.0,0.4,6.568149596709668e-05,0.5037826541633125,0.0031682405327628227,1.0000000000000004e-06,3.0779003666534915e-05,0.4462886333881131,0.05426628849547969,16,1.3125,0.9834153722463669,4,12,0.25,5,0,9.944409449194e-07,0.24126558099989814,0.0010626635782535563,alphafold2,AlphaFold2 protein structure prediction,1,Life Sciences,Life,2021,landmark
OpenAlex,alphafold2,3,2018,2018,0.542507068400979,0.8545351056874642,0.42562819723499473,0.7206956331664798,0.5319490953664321,0.5124342977500251,0.05557299160638801,0.8181818181818182,0.5953716958378635,0.47726698537741985,0.5411651761102839,0.8,0.47726698537741985,0.48756570224997486,0.3181818181818182,0.9783453813630419,0.7692307692307693,0.13254878839087839,0.5754852349426405,0.3,0.4382325540702748,0.63998637826772,0.42635642475594054,0.48871273806766946,0.34560493076187393,0.5694067744401606,0.456729202264132,22,7.681818181818182,0.9783453813630419,9,2,0.3181818181818182,7,0,0.5334170607176533,0.5717808598240663,0.47509894509217504,alphafold2,AlphaFold2 protein structure prediction,1,Life Sciences,Life,2021,landmark
OpenAlex,alphafold2,1,2020,2020,0.47581155213194326,0.991956126942358,0.18908450658536546,0.906436798374148,0.5338158618176544,0.643404515558618,0.5752300788104441,0.9234449760765551,0.48862490146118975,0.45891528677247256,0.5265470104077814,0.985345838218054,0.45891528677247256,0.356595484441382,0.215311004784689,0.7800890853337618,0.964824120603015,0.9681584934837115,0.6232963977100039,0.3,0.3318121997378651,0.5539815643657139,0.6408446696729495,0.5136292145984863,0.6823796645112152,0.6582426693632274,0.3856437642760767,209,68.9090909090909,0.7800890853337618,191,6,0.6889952153110048,9,1,0.39125697199237314,0.6054330420072905,0.5483195246434921,alphafold2,AlphaFold2 protein structure prediction,1,Life Sciences,Life,2021,landmark
OpenAlex,singlecell,5,2004,2004,0.514019016542227,0.7240953054120138,0.08360327978126211,0.41937003270477297,0.5325835137630242,0.5356029306989075,0.3335430818907441,0.7932960893854749,0.5648191255755173,0.42963367031734834,0.49480069784339653,0.6869901245169601,0.42963367031734834,0.4643970693010925,0.3240223463687151,0.9724006160747529,0.6187845303867402,0.7850072706456656,0.46135059143343954,0.4,0.42607024550832434,0.29390398874461227,0.5994402735092228,0.4623950624764087,0.5637826259300098,0.5540087760210357,0.49194108030567446,179,15.262569832402235,0.9724006160747529,111,68,0.22905027932960895,6,1,0.5269505790539804,0.5926850016865056,0.4704487881400882,singlecell,Single-cell RNA sequencing,1,Life Sciences,Life,2009,landmark
OpenAlex,singlecell,3,2006,2006,0.503957398026783,0.8926156777700682,0.13593149062870274,0.4142489271135524,0.554290743805633,0.5353291822288823,0.3618413310588398,0.8206686930091185,0.5750292030340827,0.4137569178989801,0.5223384055102464,0.7715668279659604,0.4137569178989801,0.46467081777111774,0.25835866261398177,0.9567798089296945,0.6470588235294119,0.8236247477203161,0.4546513855774801,0.43333333333333335,0.392573292602239,0.3690472674832625,0.6185646733520983,0.45085527119264324,0.5804791456231505,0.6003158402467639,0.494780911146682,329,27.741641337386017,0.9567798089296945,186,101,0.3586626139817629,8,1,0.4861013301240629,0.5835808640010243,0.4913963267606938,singlecell,Single-cell RNA sequencing,1,Life Sciences,Life,2009,landmark
OpenAlex,singlecell,1,2008,2008,0.4902017951083213,0.9086976584311126,0.15702335833716338,0.43550211391548,0.5706267935884539,0.5380753955302112,0.40753223067082545,0.8533333333333334,0.5809936741665747,0.3856757308492512,0.5269293180261592,0.7715668279659604,0.3856757308492512,0.4619246044697888,0.17333333333333334,0.9314460675089141,0.7171717171717173,0.88756489663828,0.4510112315077045,0.5333333333333333,0.33984119897141435,0.39608766032482406,0.6400182970403924,0.4309523487156012,0.5952690178387338,0.6657816328070038,0.5071361720030511,600,51.47666666666667,0.9314460675089141,354,139,0.38,10,1,0.4209239455948484,0.5773247330281486,0.4950195433148093,singlecell,Single-cell RNA sequencing,1,Life Sciences,Life,2009,landmark
OpenAlex,rnai,5,1993,1993,0.4508074999731406,0.9193645695918081,0.09406074231509669,0.3604112717932955,0.5044561123372039,0.5780897611800283,0.3340142754046816,0.8867924528301887,0.612215162410947,0.4674042442494835,0.4763164689238912,0.7352941176470589,0.4674042442494835,0.4219102388199717,0.1320754716981132,0.9710462315823382,0.6545454545454545,0.6515500203640722,0.5803810249903577,0.4,0.2928719570691495,0.3147010388706212,0.6161846550276489,0.5017185905925328,0.5647447320905173,0.5774135415093857,0.452454517695713,53,36.264150943396224,0.9710462315823382,35,18,0.39622641509433965,6,0,0.37823412936279727,0.5554003623868636,0.4585088245419488,rnai,RNA interference,1,Life Sciences,Life,1998,landmark
OpenAlex,rnai,3,1995,1995,0.5230328120007043,0.9146974957381143,0.110656110524738,0.37040195333063125,0.5265550609448947,0.5130313924642409,0.3298934085271256,0.8666666666666667,0.6224004396032513,0.4441390984334811,0.49724922032327046,0.8316008316008314,0.4441390984334811,0.4869686075357591,0.28888888888888886,0.9659307530083099,0.5542168674698795,0.7419550659071091,0.4773468457611148,0.2,0.41903816525635623,0.33468947333888505,0.6184962649951034,0.46600865697278004,0.5605253486413295,0.4517257871184502,0.39999360748783924,90,46.41111111111111,0.9659307530083099,45,36,0.3888888888888889,8,1,0.5141138049644889,0.5772877134619516,0.4659608976389907,rnai,RNA interference,1,Life Sciences,Life,1998,landmark
OpenAlex,rnai,1,1997,1997,0.5088145704870439,0.9198783184115152,0.10984904817849984,0.25181798714907333,0.5523317441826714,0.512373074373688,0.34537739982211696,0.8676470588235294,0.6109683319175724,0.40321573840140673,0.5078792267667496,0.8316008316008314,0.40321573840140673,0.48762692562631205,0.23529411764705882,0.9466982331301627,0.5909090909090908,0.7768989196342072,0.46642287533742766,0.26666666666666666,0.38792946058458505,0.2941289751203691,0.6254800426323396,0.43673743240792207,0.5688113710031126,0.5079271640052755,0.4267839396053403,136,46.44117647058823,0.9466982331301627,64,44,0.39705882352941174,10,1,0.47713005221523314,0.5702135421811052,0.4561234065535017,rnai,RNA interference,1,Life Sciences,Life,1998,landmark
OpenAlex,graphene,5,1999,1999,0.4708974462365521,0.5432082833058546,0.21403026213849458,0.3150003633247751,0.5084900307606954,0.5144377321363085,0.12418632965082867,0.782608695652174,0.5683529282922257,0.4466178890270711,0.4635979505484619,0.9529411764705882,0.4466178890270711,0.4855622678636915,0.1956521739130435,0.9777156534153012,0.625,0.30845819118409634,0.5189850458943945,0.36666666666666664,0.3549920670357881,0.3320862346510264,0.4872437923337523,0.4681679521968388,0.4202401598997832,0.602197821821671,0.4552920699444939,46,17.369565217391305,0.9777156534153012,29,17,0.15217391304347827,6,0,0.452877480501099,0.5342295950409761,0.4353204224053731,graphene,Graphene isolation,1,Physical Sciences,Nature,2004,landmark
OpenAlex,graphene,3,2001,2001,0.49155097660066127,0.7217998935153256,0.24789107921699294,0.3062986363356543,0.5361338407642422,0.5221131908673193,0.22993446977095952,0.8227848101265823,0.5793298281191561,0.4215566819930489,0.4938243635215334,0.9529411764705882,0.4215566819930489,0.47788680913268067,0.27848101265822783,0.9528585761485376,0.625,0.535245655529243,0.4971728933729013,0.43333333333333335,0.40293011888679736,0.3798460300302155,0.561854134390316,0.4527156836553529,0.5084064307767932,0.6366822406924991,0.5014941756832686,79,20.341772151898734,0.9528585761485376,44,26,0.22784810126582278,8,1,0.5024000723356533,0.5636957791467487,0.482395634960981,graphene,Graphene isolation,1,Physical Sciences,Nature,2004,landmark
OpenAlex,graphene,1,2003,2003,0.477753153267762,0.7442768673618373,0.23549574953849794,0.3452140341355209,0.5427470448083875,0.5282825145908536,0.21005978777246104,0.84,0.575228750096,0.4169357549118847,0.5024298445286599,0.9529411764705882,0.4169357549118847,0.4717174854091464,0.232,0.9306081334982431,0.6161616161616162,0.47336636934363163,0.4793506960325163,0.36666666666666664,0.3739307442671993,0.39258648585774736,0.5520334837448903,0.4511644160881398,0.48488870041157295,0.5993456919564369,0.46182215212849254,125,19.648,0.9306081334982431,60,37,0.24,10,1,0.4669950399590285,0.5385286075449609,0.4688756780157816,graphene,Graphene isolation,1,Physical Sciences,Nature,2004,landmark
OpenAlex,transformer,5,2012,2012,0.5019060658860904,0.9608089409011557,0.46383255850050964,0.6684081837308637,0.5589085032432151,0.5254639382171225,0.39335878926973183,0.8165938864628821,0.5815675973080263,0.3803652468758733,0.4981822533623036,0.6580071174377224,0.3803652468758733,0.47453606178287755,0.11790393013100436,0.9659812006291193,0.6406926406926405,0.9167265678964333,0.4810850952622053,0.4666666666666667,0.3039531505580206,0.667851657682332,0.6320346891265243,0.42362494472792495,0.6034157720452848,0.5816062112387492,0.4681645975814878,229,42.10043668122271,0.9659812006291193,147,82,0.4890829694323144,6,1,0.37808437173882037,0.5716235556914705,0.5169030942193414,transformer,Transformer architecture,1,Computer Science,Machines,2017,landmark
OpenAlex,transformer,3,2014,2014,0.49552950656180916,0.9682916823401563,0.38086371188281365,0.7075961192380659,0.5664619896491284,0.5329444675712836,0.4109488888535184,0.8475935828877005,0.5890872110409298,0.36962829327127106,0.502552272569528,0.6580071174377224,0.36962829327127106,0.46705553242871645,0.09893048128342247,0.9474916177454292,0.6141975308641974,0.9097418891176103,0.5144827643902872,0.26666666666666666,0.2839592720679045,0.6390287728784578,0.6432506637000315,0.4175778533666434,0.6172912029756771,0.4758854901213208,0.38113592719214656,374,32.44919786096256,0.9474916177454292,198,124,0.516042780748663,8,1,0.35244498860615586,0.5629717594914474,0.49277400133725,transformer,Transformer architecture,1,Computer Science,Machines,2017,landmark
OpenAlex,transformer,1,2016,2016,0.4854104079962416,0.9706272291070486,0.4459021456797536,0.7015455541615753,0.5832241906556228,0.5359109655486722,0.40431415840997775,0.8561278863232682,0.5808039805025234,0.33734814451054834,0.503796525821794,0.6867107001321003,0.33734814451054834,0.46408903445132776,0.06927175843694494,0.926730482865008,0.5941043083900226,0.8812267320648391,0.5097058245210031,0.3333333333333333,0.24989383063041917,0.672123844926387,0.64152743090055,0.3936253849251738,0.6093789889351892,0.5142469846999701,0.3915250472487412,563,31.177619893428062,0.926730482865008,261,178,0.5257548845470693,10,1,0.31000615924381086,0.545712448293794,0.4866989389512139,transformer,Transformer architecture,1,Computer Science,Machines,2017,landmark
OpenAlex,resnet,5,2010,2010,0.4981942993801956,0.9472388016645246,0.4944687004935595,0.5454548236904323,0.5430467379684609,0.5478380898228492,0.4377107010806502,0.8531468531468531,0.5875900451201811,0.417336439382031,0.5034299153189528,0.9226837060702875,0.417336439382031,0.4521619101771508,0.1258741258741259,0.9485617120839603,0.5659722222222221,0.9365072562123856,0.67334414402558,0.23333333333333334,0.3049367252836774,0.6345302887352623,0.6466028840766538,0.4569565909048097,0.6821749238530939,0.49576392073798276,0.37281588502570306,286,31.045454545454547,0.9485617120839603,162,124,0.45104895104895104,6,1,0.3779479648113776,0.5848677301854563,0.5180729179056924,resnet,Deep residual networks,1,Computer Science,Machines,2015,landmark
OpenAlex,resnet,3,2012,2012,0.49871653559808876,0.9588711827679888,0.4810813012294463,0.552485119431163,0.5680550961862962,0.5469695361597186,0.4625752951891959,0.8829268292682927,0.604936684498973,0.3831257984154766,0.5192359907880691,0.9226837060702875,0.3831257984154766,0.45303046384028145,0.1073170731707317,0.9430625174062047,0.5569620253164557,0.9578435567196365,0.6662892232996116,0.2,0.2894343009811913,0.6340153554824924,0.6673437583752704,0.4314018244973407,0.6920020584720084,0.46842077045180774,0.351160997212832,410,28.714634146341464,0.9430625174062047,175,139,0.48292682926829267,8,1,0.3579141789587478,0.5799540538478173,0.5076964744352063,resnet,Deep residual networks,1,Computer Science,Machines,2015,landmark
OpenAlex,resnet,1,2014,2014,0.4957927910362795,0.9723312168866951,0.4942485345413391,0.6043677771171635,0.5824199939398063,0.5435513601871118,0.46150096207718927,0.8766666666666667,0.5959406576100345,0.3512130457309649,0.5160530336105773,0.9226837060702875,0.3512130457309649,0.4564486398128882,0.1,0.9334764017404077,0.6045454545454545,0.9684953281296963,0.48446231523509653,0.26666666666666666,0.28285511822958687,0.6622474684979267,0.6660547776397393,0.40625054364258245,0.6232810963578571,0.5298466358957963,0.3814570199986504,600,30.18166666666667,0.9334764017404077,265,173,0.5333333333333333,10,1,0.34927305824435423,0.5581857065907114,0.5057707755655207,resnet,Deep residual networks,1,Computer Science,Machines,2015,landmark
OpenAlex,diffusion,5,2015,2015,0.49459042611988896,0.9864569619850009,0.11710726941545656,0.8996896062623845,0.5422130380628694,0.5400789056014247,0.45019950077089976,0.8470588235294118,0.5632536925806809,0.4006434396607108,0.4850695157864494,0.7411944869831547,0.4006434396607108,0.4599210943985753,0.08235294117647059,0.9109427605568446,0.6091954022988506,0.9840886511787905,0.5825221924630442,0.5333333333333333,0.26558449451920313,0.470166375397302,0.6384644705147586,0.442579297901153,0.6527049310104976,0.622151054793352,0.4607233321208908,85,166.8470588235294,0.9109427605568446,52,33,0.6235294117647059,6,1,0.3255501082124509,0.5678098635585414,0.49283227487220094,diffusion,Diffusion generative models,1,Computer Science,Machines,2020,landmark
OpenAlex,diffusion,3,2017,2017,0.4855673398633858,0.9913585329601762,0.3799489622552249,0.9172526978798493,0.557785532900994,0.5359843760122442,0.46912450098452835,0.8971428571428571,0.5817123187846858,0.3833926629751159,0.4989637287771039,0.856637168141593,0.3833926629751159,0.46401562398775575,0.03428571428571429,0.8857903430135423,0.6923076923076924,0.9756058180467403,0.7015731781148153,0.5333333333333333,0.19768107363546844,0.7016949266182252,0.6554374216587172,0.4286931805785201,0.6989918495207915,0.6813416422445543,0.42159916875175885,175,129.48,0.8857903430135423,107,47,0.68,8,1,0.24154177252583167,0.5834610486254527,0.5145623981641496,diffusion,Diffusion generative models,1,Computer Science,Machines,2020,landmark
OpenAlex,diffusion,1,2019,2019,0.48374334961193866,0.9907480238454179,0.4393528510219242,0.8970962590732693,0.5666731525031152,0.5338532983553893,0.4706469665059065,0.8885714285714286,0.5747639678200406,0.36009553527746707,0.4934418402836976,0.856637168141593,0.36009553527746707,0.4661467016446107,0.045714285714285714,0.8823680161452998,0.7483221476510068,0.9921583433839218,0.4621988663391628,0.5333333333333333,0.21763555826988346,0.7309234629102093,0.6545938300984089,0.41060017920116404,0.6093712290267888,0.6992429240459898,0.433587313408077,350,88.10571428571428,0.8823680161452998,222,74,0.6714285714285714,10,1,0.26591414340372016,0.5596397871377569,0.5129603584208396,diffusion,Diffusion generative models,1,Computer Science,Machines,2020,landmark
OpenAlex,rag,5,2015,2015,0.5004967579062072,0.97614686198997,0.31688927226151603,0.8266952850944977,0.5687163971672793,0.530368382924996,0.4295172770733936,0.8455598455598455,0.5839698526228683,0.3635774814048109,0.5010102757393696,0.5990099009900992,0.3635774814048109,0.469631617075004,0.08108108108108109,0.9398695630866187,0.5977011494252874,0.9577643344542056,0.5202711270536158,0.36666666666666664,0.26711157543910913,0.6347305282094733,0.6469872917608064,0.412341639482026,0.6296680727091143,0.5082333667201565,0.4132303623562615,259,29.37837837837838,0.9398695630866187,155,104,0.5521235521235521,6,1,0.32954506660659666,0.5615887271657969,0.49366800486506013,rag,Retrieval-augmented generation,1,Computer Science,Machines,2020,landmark
OpenAlex,rag,3,2017,2017,0.49378945997233337,0.9805890102876866,0.3340628674548945,0.8063918866802723,0.5827786312848673,0.5262819786022556,0.41223223438658246,0.8387096774193549,0.5715708793614057,0.3417108232781253,0.5072680858478598,0.6064576509124943,0.3417108232781253,0.47371802139774444,0.04218362282878412,0.9248558357389428,0.5976331360946745,0.9339245576709613,0.5062277140732835,0.3333333333333333,0.21448744003793183,0.6416336398950427,0.6389697103221135,0.39461960370960536,0.6212957998246823,0.49435389990300704,0.3693161164929203,403,27.915632754342433,0.9248558357389428,201,135,0.5781637717121588,8,1,0.2643905577731042,0.5471230792853842,0.4691165090425807,rag,Retrieval-augmented generation,1,Computer Science,Machines,2020,landmark
OpenAlex,rag,1,2019,2019,0.48664652631066313,0.9851187699339444,0.3140209253469976,0.8121570079614576,0.5845589883157972,0.5252830617735668,0.4171965653254493,0.855,0.5711688899424316,0.33334931268891177,0.5024672893205062,0.6064576509124943,0.33334931268891177,0.47471693822643324,0.045,0.905982391725646,0.5969162995594712,0.9289262013580625,0.4907450858726573,0.26666666666666666,0.21824968378338236,0.6309995647871349,0.6406250205445791,0.38790988041763147,0.6118547306596711,0.4587339506503861,0.3445232509252502,600,36.09,0.905982391725646,270,182,0.6116666666666667,10,1,0.26848642547334606,0.5411816939410413,0.46105680643642005,rag,Retrieval-augmented generation,1,Computer Science,Machines,2020,landmark
OpenAlex,qec,5,1990,1988,0.25,0.0,0.0,0.0,0.0,0.0,0.0,1.0,0.5,0.0,0.0,0.0,0.0,0.0,0.0,1.0,0.6666666666666666,0.0,0.0,0.5,6.299605249474364e-05,1.0000000000000004e-06,0.0034657242157757344,1.0000000000000004e-06,1.0000000000000004e-06,0.00693361274350635,0.06299605249474365,1,0.0,1.0,1,0,0.0,1,0,1.0000000000000008e-06,0.3,3.3885285812745255e-05,qec,Quantum error correction,1,Physical Sciences,Nature,1995,landmark
OpenAlex,qec,3,1992,1992,0.25,0.0,0.0,0.0,0.0,0.0,0.0,1.0,0.5,0.0,0.0,0.0,0.0,0.0,0.0,1.0,0.5,0.0,0.0,0.5,6.299605249474364e-05,1.0000000000000004e-06,0.0034657242157757344,1.0000000000000004e-06,1.0000000000000004e-06,0.006299605249474366,0.06299605249474365,2,0.0,1.0,1,1,0.0,2,0,1.0000000000000008e-06,0.275,3.334802452520675e-05,qec,Quantum error correction,1,Physical Sciences,Nature,1995,landmark
OpenAlex,qec,1,1994,1992,0.25,0.0,0.0,0.0,0.0,0.0,0.0,1.0,0.5,0.0,0.0,0.0,0.0,0.0,0.0,1.0,0.6666666666666666,0.0,0.0,0.5,6.299605249474364e-05,1.0000000000000004e-06,0.0034657242157757344,1.0000000000000004e-06,1.0000000000000004e-06,0.00693361274350635,0.06299605249474365,2,0.0,1.0,1,0,0.0,2,0,1.0000000000000008e-06,0.3,3.3885285812745255e-05,qec,Quantum error correction,1,Physical Sciences,Nature,1995,landmark
OpenAlex,crispr_c1,5,2007,2007,0.46222931298972814,0.8960113397413787,0.040300741212750846,0.38270569903771007,0.5317487878901521,0.7134959777545536,0.6152650069199658,0.9032258064516129,0.5113220858223266,0.42389437607491615,0.48739195185522033,0.7641509433962266,0.42389437607491615,0.28650402224544635,0.31451612903225806,0.8800696853314167,0.7777777777777779,0.954716324828004,0.6881473330174179,0.26666666666666666,0.3466386965116477,0.23997379694803783,0.6679675040523619,0.5042380479691025,0.6841395711933815,0.5411709456197217,0.3883769040930002,124,55.903225806451616,0.8800696853314167,97,27,0.3629032258064516,6,1,0.42963227812650717,0.6115783664239041,0.4670017408822285,crispr,Zinc-finger nuclease engineering,0,Life Sciences,Life,2012,landmark
OpenAlex,crispr_c1,3,2009,2009,0.5029247254303448,0.9616364384189254,0.178398320785353,0.3743242830239296,0.560315282222605,0.5604221653077003,0.4825021335893306,0.9147540983606557,0.5670450422500571,0.37908105609599874,0.49971162054120855,0.8783847980997626,0.37908105609599874,0.4395778346922997,0.14426229508196722,0.8612079659390449,0.776271186440678,0.9411949112236329,0.37211207824735554,0.3,0.31712504121830176,0.40045146943874693,0.6552278267928865,0.43184360150481743,0.5593593844600188,0.5892141628374142,0.4011245409739504,305,40.514754098360655,0.8612079659390449,228,65,0.4918032786885246,8,1,0.37940136315780887,0.5553865999682307,0.47743093926377633,crispr,Zinc-finger nuclease engineering,0,Life Sciences,Life,2012,landmark
OpenAlex,crispr_c1,1,2011,2011,0.4906035118387585,0.962732232399394,0.1782553286805453,0.4222692056944152,0.5869358944539286,0.5507207124479937,0.4857138712723904,0.9225225225225225,0.5483474630990612,0.3339690302082773,0.5078408191161344,0.8783847980997626,0.3339690302082773,0.4492792875520063,0.13153153153153152,0.820269891629072,0.5972495088408644,0.9560313154732714,0.508420331544901,0.26666666666666666,0.30720313430141805,0.4169133625420168,0.652517483669161,0.3945614041443947,0.627298445136168,0.5191224149781065,0.3763740217755787,555,59.36396396396396,0.820269891629072,303,204,0.4954954954954955,10,1,0.36461484651401477,0.5416697497477139,0.4696997912667713,crispr,Zinc-finger nuclease engineering,0,Life Sciences,Life,2012,landmark
OpenAlex,crispr_c2,5,2007,2007,0.4791407744242855,0.9420655454327681,0.12135023749685915,0.0,0.5186605780844118,0.6541587860013086,0.5311453774647166,0.926829268292683,0.5282712787179609,0.4272261133554439,0.46454726952426756,0.9878048780487805,0.4272261133554439,0.3458412139986914,0.0975609756097561,0.8470195444404373,0.7906976744186046,0.8760532144918959,0.5375757299290369,0.26666666666666666,0.25285526675366016,0.004853338512335631,0.6479915809976132,0.49241686600653467,0.6025596103811324,0.5927662294125675,0.3505297105620506,41,72.5609756097561,0.8470195444404373,33,8,0.43902439024390244,5,0,0.30573754294139616,0.5449306789111128,0.22783287488547144,crispr,Meganuclease genome engineering,0,Life Sciences,Life,2012,landmark
OpenAlex,crispr_c2,3,2009,2009,0.4489279282353496,0.9470969498601947,0.07030634940894606,0.13992107137332382,0.5425450157294809,0.7006113620211927,0.6090146990579077,0.9295774647887324,0.491117335105203,0.40146134699680186,0.4865513784557636,0.9878048780487805,0.40146134699680186,0.2993886379788073,0.22535211267605634,0.8131873380809275,0.6923076923076923,0.9351149749687427,0.5513829277670808,0.3333333333333333,0.31171511205009417,0.2104217861089919,0.6572718042477419,0.4833423882614193,0.6306896123484244,0.610871255101386,0.39622527540312125,71,76.1830985915493,0.8131873380809275,44,19,0.4507042253521127,7,1,0.3799815576705859,0.5476507082552484,0.44747519809312575,crispr,Meganuclease genome engineering,0,Life Sciences,Life,2012,landmark
OpenAlex,crispr_c2,1,2011,2011,0.43490429423446464,0.9407303226715059,0.18578694400592663,0.35917627642173655,0.563683912304005,0.7307159416488178,0.6637387530972434,0.9398496240601504,0.4575690138158611,0.37065224204725,0.49802006665526016,0.9878048780487805,0.37065224204725,0.2692840583511822,0.2706766917293233,0.7671307734416922,0.6638655462184874,0.9664741016898131,0.584454551926224,0.43333333333333335,0.31648398123694044,0.39743184172511514,0.658087194006922,0.4647584361874805,0.6552332626871146,0.6574425342397665,0.42324938498421205,133,100.61654135338345,0.7671307734416922,78,39,0.43609022556390975,9,1,0.3823933251249488,0.5453137295951276,0.5049284110195642,crispr,Meganuclease genome engineering,0,Life Sciences,Life,2012,landmark
OpenAlex,ips_c1,5,2001,2001,0.4906484914790012,0.8734307235221755,0.4411712768290652,0.20747021579643535,0.5433577452410846,0.509192875027396,0.42691639368696077,0.8947368421052632,0.6316208453108433,0.41441888115519193,0.5011343716373611,0.7191011235955056,0.41441888115519193,0.49080712497260404,0.18947368421052632,0.9470429383227801,0.6804123711340205,0.9370552401034837,0.5041637385974402,0.43333333333333335,0.3573359757388069,0.4307882185597238,0.6588552757029876,0.4438679580371496,0.6186290788901818,0.596295349178113,0.49566129754063387,95,129.2736842105263,0.9470429383227801,65,30,0.3368421052631579,6,1,0.44491441428289996,0.5968566899712496,0.505102311353642,ips,Adult stem-cell transdifferentiation,0,Life Sciences,Life,2006,landmark
OpenAlex,ips_c1,3,2003,2003,0.45398465246879083,0.9158245441687624,0.3886053423151571,0.4528512179503811,0.563697622919403,0.770638662439119,0.6712772362714631,0.921875,0.49112751568873175,0.38610318698250295,0.5134984328213088,0.8271438217420664,0.38610318698250295,0.22936133756088095,0.42578125,0.86670773728993,0.8143459915611815,0.9448852920845067,0.7843426861564193,0.4,0.3539288558560576,0.5442004064078884,0.6828690355385486,0.48613011089051905,0.7246717879036694,0.6458772609391258,0.44183513020762033,256,133.9296875,0.86670773728993,192,43,0.390625,8,1,0.4390626284275723,0.638661895836253,0.5571977502148194,ips,Adult stem-cell transdifferentiation,0,Life Sciences,Life,2006,landmark
OpenAlex,ips_c1,1,2005,2005,0.4271012822491575,0.9318623537257009,0.3661407250970434,0.5103034156648668,0.5848623832200591,0.8154697461943317,0.7068836412274904,0.9232081911262798,0.437554844671452,0.34343365192777736,0.5131584183678957,0.8271438217420664,0.34343365192777736,0.18453025380566834,0.4197952218430034,0.8002334221328581,0.7790055248618784,0.9389455949297303,0.8073252150008822,0.43333333333333335,0.32102977555580076,0.5583965930432856,0.6686365154935723,0.45817478331404576,0.7299842128551565,0.6536037799827351,0.4217920533126685,586,108.22866894197952,0.8002334221328581,422,119,0.4180887372013652,10,1,0.39576791721295074,0.6127559500286931,0.5449912905969717,ips,Adult stem-cell transdifferentiation,0,Life Sciences,Life,2006,landmark
OpenAlex,ips_c2,5,2001,2001,0.4644540613001456,0.9318328880491016,0.20209713959382752,0.38833347643803084,0.5345741987960042,0.5241432537474837,0.379909338794586,0.8442622950819673,0.49318130542959976,0.4193161976171332,0.48846459520914165,0.8448275862068966,0.4193161976171332,0.4758567462525163,0.14754098360655737,0.7916168004470594,0.7741935483870968,0.8585242661128284,0.5184134716475612,0.5333333333333333,0.3194801575887904,0.41818425502286416,0.5822874006946894,0.4516941085347814,0.6012946154831037,0.703945095415684,0.46474349880161364,122,51.377049180327866,0.7916168004470594,95,27,0.4180327868852459,6,1,0.38162308317527527,0.5627463856777082,0.49591043643056226,ips,Somatic cell nuclear transfer,0,Life Sciences,Life,2006,landmark
OpenAlex,ips_c2,3,2003,2003,0.46441531281761106,0.9694311119005163,0.26907102320153115,0.7687405459959379,0.555217642708674,0.5425620758247316,0.4173438437747011,0.8862068965517241,0.48145625811087256,0.3921665550327346,0.5026018404500827,0.8448275862068966,0.3921665550327346,0.4574379241752684,0.1482758620689655,0.7455240194940339,0.7765567765567765,0.8679794681313302,0.5204843163384232,0.5333333333333333,0.31581764102746773,0.5853126232346881,0.5936113200635509,0.4369819651993191,0.6100710144975899,0.7046606326997351,0.45621557349232744,290,76.85172413793103,0.7455240194940339,211,60,0.5206896551724138,8,1,0.36978965295296323,0.5516016718950665,0.523630651535084,ips,Somatic cell nuclear transfer,0,Life Sciences,Life,2006,landmark
OpenAlex,ips_c2,1,2005,2005,0.4395538918335192,0.9723312168866951,0.34431030188657413,0.6156370836236841,0.5807258234482287,0.5493659554565317,0.4064766311498462,0.8581196581196581,0.42928845854990466,0.3450034330883516,0.5064550799848089,0.8448275862068966,0.3450034330883516,0.45063404454346834,0.13333333333333333,0.6897210673663834,0.7388888888888889,0.8622356773905452,0.535608812005782,0.5,0.2978001793775428,0.5906946074637194,0.5696334122847383,0.40287426414806765,0.6161288497233494,0.6783269555956372,0.42036015352063855,585,62.427350427350426,0.6897210673663834,398,140,0.5333333333333333,10,1,0.34605522345533263,0.5321359119218921,0.5064391373216076,ips,Somatic cell nuclear transfer,0,Life Sciences,Life,2006,landmark
OpenAlex,mrna_c1,5,2015,2015,0.5071766367553202,0.9792467533519249,0.19660942863315878,0.6622511479905325,0.572763921302377,0.522245035067477,0.4890881456553225,0.952191235059761,0.6315779600013357,0.3574456183171869,0.5029734609219408,0.71722265321955,0.3574456183171869,0.477754964932523,0.05976095617529881,0.8976982016934376,0.616600790513834,0.9835323232272885,0.5095590507705788,0.5666666666666667,0.2437402928975631,0.5033148379042468,0.6853759458536387,0.4056001358333544,0.6316978651951451,0.630466353116878,0.47254843952896003,251,31.788844621513945,0.8976982016934376,155,96,0.5697211155378487,6,1,0.2948386182750832,0.5543200330756427,0.4884583700720788,mrna,DNA vaccine platforms,0,Life Sciences,Life,2020,landmark
OpenAlex,mrna_c1,3,2017,2017,0.5079486490623106,0.982036132895723,0.22235349025983325,0.7636965161309183,0.589317251702504,0.5215101778594775,0.4891632915981133,0.949748743718593,0.6160807386781245,0.3303750159291066,0.5090095193341146,0.7271900920349958,0.3303750159291066,0.4784898221405225,0.05778894472361809,0.8774867346997473,0.5664739884393065,0.9876028677948555,0.6793830245788312,0.3333333333333333,0.24127505649988745,0.5504240598053287,0.6824298052126629,0.38467361096781605,0.6989953918548859,0.5159039942290358,0.390292031194825,398,44.618090452261306,0.8774867346997473,195,149,0.5879396984924623,8,1,0.2895027383920255,0.5683919390449838,0.48220743589781534,mrna,DNA vaccine platforms,0,Life Sciences,Life,2020,landmark
OpenAlex,mrna_c1,1,2019,2019,0.5050995237159995,0.9843099539390887,0.197375320224904,0.7818063576087741,0.5966678192629291,0.5212643534553618,0.49160397858908705,0.955,0.6021835120523292,0.3147271436629125,0.5080627821887707,0.7271900920349958,0.3147271436629125,0.4787356465446382,0.04833333333333333,0.852834856368171,0.5969162995594712,0.987538396890806,0.6422255113323909,0.36666666666666664,0.22693761737891802,0.5335494060592758,0.6785612195256481,0.37237067823432535,0.6855718475093739,0.5419313484089201,0.3907617414851096,600,43.29,0.852834856368171,270,182,0.605,10,1,0.27023140460760325,0.5606058785720884,0.47417699714003403,mrna,DNA vaccine platforms,0,Life Sciences,Life,2020,landmark
OpenAlex,mrna_c2,5,2015,2015,0.5088732603780836,0.9779036862485997,0.2031275069113072,0.6669579478328163,0.5666015837745066,0.5381712810855318,0.4948343426095808,0.9363295880149812,0.6060580687735407,0.357223559348592,0.4904267268976053,0.6327116212338595,0.357223559348592,0.4618287189144682,0.06741573033707865,0.8855620485152248,0.5985130111524163,0.9819979186571277,0.37939356479797975,0.4666666666666667,0.2511600746827929,0.5097858279212469,0.6757404546221932,0.40951225390376966,0.5674464532190551,0.5611712280666149,0.4404448956765603,267,40.53183520599251,0.8855620485152248,160,107,0.5617977528089888,6,1,0.3021020868996266,0.5278470778116265,0.47358824132638594,mrna,Viral-vector vaccine platforms,0,Life Sciences,Life,2020,landmark
OpenAlex,mrna_c2,3,2017,2017,0.5015171035403942,0.9812446222746463,0.197375320224904,0.7223300129053857,0.5811912412522038,0.5324302770737317,0.493562320390144,0.945,0.5987537037126996,0.3346718093239383,0.4970542918283459,0.6327116212338595,0.3346718093239383,0.4675697229262683,0.0475,0.8634708020648014,0.5654761904761905,0.9809512948729114,0.7332855840322503,0.4666666666666667,0.22332735024160483,0.5191210016777782,0.6750217199519736,0.39069123587650917,0.7097544759159314,0.5506499937501702,0.4213247373754868,400,48.7825,0.8634708020648014,189,145,0.5825,8,1,0.2676676477830497,0.5686175006617712,0.47814279715842795,mrna,Viral-vector vaccine platforms,0,Life Sciences,Life,2020,landmark
OpenAlex,mrna_c2,1,2019,2019,0.45777456664172056,0.9816125892654238,0.197375320224904,0.7615941559557649,0.5912452855259006,0.7873322386437359,0.718020971829114,0.9316666666666666,0.47453388008815944,0.31797238591314314,0.5004629569649444,0.6327116212338595,0.31797238591314314,0.21266776135626408,0.30666666666666664,0.840030067334779,0.6207674943566592,0.9788553909392028,0.6162543714956933,0.4666666666666667,0.31022250289163145,0.5284276370437884,0.6911073101586438,0.4301754436986877,0.6708367236775824,0.5680420943440201,0.438136519008578,600,53.48833333333334,0.840030067334779,274,167,0.585,10,1,0.3797994700515061,0.5553117180433151,0.51460564430988,mrna,Viral-vector vaccine platforms,0,Life Sciences,Life,2020,landmark
OpenAlex,alphafold2_c1,5,2016,2016,0.5166466327462761,0.9890126955750721,0.35431562920433146,0.6295924909105016,0.5723318002272619,0.5289897469318794,0.4643318670921282,0.9158249158249159,0.6230860260456229,0.3511207117791556,0.4957843122336795,0.7094211123723042,0.3511207117791556,0.4710102530681206,0.0707070707070707,0.9250172945348534,0.548494983277592,0.9584484980028035,0.387826091646817,0.6,0.25816395352150884,0.6042508064020561,0.6751454376584223,0.40251930761053756,0.5690706602110325,0.615756974519106,0.48937059661620663,297,57.572390572390574,0.9250172945348534,163,134,0.6498316498316499,6,1,0.31348325895319706,0.5296399347009506,0.4958063353348139,alphafold2,Protein threading methods,0,Life Sciences,Life,2021,landmark
OpenAlex,alphafold2_c1,3,2018,2018,0.4684820410040957,0.9876503538318316,0.3052648840385386,0.6103377621101457,0.586332944338786,0.786359329732197,0.6950081453925736,0.918918918918919,0.5104284017704552,0.32815039753398345,0.5008162862115555,0.7094211123723042,0.32815039753398345,0.21364067026780298,0.31756756756756754,0.915371766181999,0.5683060109289617,0.9618152477100065,0.5045739665225117,0.5333333333333333,0.3167653532589686,0.5687875796346995,0.7056490249268316,0.4391258172754912,0.6240676159629595,0.5990940809920478,0.47593371816211927,444,59.48873873873874,0.915371766181999,207,157,0.6351351351351351,8,1,0.3960097351984893,0.5464295221921956,0.5247253288998573,alphafold2,Protein threading methods,0,Life Sciences,Life,2021,landmark
OpenAlex,alphafold2_c1,1,2020,2020,0.5088212635183502,0.9862550303013795,0.3140209253469976,0.6043677771171635,0.5892651555721625,0.5311199111420839,0.4677403009754729,0.9133333333333333,0.6127785072686943,0.3226990341895218,0.5012293453338468,0.7094211123723042,0.3226990341895218,0.4688800888579161,0.06166666666666667,0.9135195963389853,0.5353773584905661,0.9642350180869569,0.6572949512218107,0.6,0.24503371179679231,0.5720267966351918,0.6757611970416906,0.38100379783004584,0.6823280553286124,0.6108085673845237,0.47840904726624894,600,51.27333333333333,0.9135195963389853,226,196,0.6216666666666667,10,1,0.2978128121138972,0.5641376186382658,0.4968330973811738,alphafold2,Protein threading methods,0,Life Sciences,Life,2021,landmark
OpenAlex,alphafold2_c2,5,2016,2016,0.4750449273651034,0.9805179783605877,0.38456451250529444,0.37007803353597546,0.5757715701000418,0.7858165834232658,0.6999185123029384,0.9222972972972973,0.5192408972222525,0.34508454315336545,0.4966276833534489,0.6302425106990014,0.34508454315336545,0.21418341657673423,0.3581081081081081,0.9273499532800126,0.5637583892617449,0.9657291816208495,0.598149373527132,0.3,0.33152139438767886,0.5186877899245687,0.7088530884062751,0.4540016186504626,0.6595260852159536,0.4741407932786865,0.4011246427534272,296,55.070945945945944,0.9273499532800126,167,129,0.5777027027027027,6,1,0.41433143443937115,0.5707873781733875,0.5085828996377733,alphafold2,Homology modelling,0,Life Sciences,Life,2021,landmark
OpenAlex,alphafold2_c2,3,2018,2018,0.5020594042351616,0.9810713741388831,0.34420215716237657,0.41578380204004095,0.5923710498095132,0.5162056033825636,0.47104593926784794,0.937799043062201,0.6410339398933662,0.3236797723781967,0.508421871997223,0.6302425106990014,0.3236797723781967,0.4837943966174364,0.04066985645933014,0.9213560836858049,0.5368731563421829,0.9730401585862305,0.7584531667044132,0.3333333333333333,0.21456696586213223,0.5197493074655324,0.6883591369537496,0.37816785612974296,0.7212645484111296,0.4831545156360409,0.3828874602973913,418,49.854066985645936,0.9213560836858049,181,156,0.5813397129186603,8,1,0.2626961212891537,0.5807670316681268,0.46505699768756475,alphafold2,Homology modelling,0,Life Sciences,Life,2021,landmark
OpenAlex,alphafold2_c2,1,2020,2020,0.504946527193451,0.9827882434581756,0.32896451269574106,0.45553824319873387,0.5939478872591683,0.5152068505817442,0.4758511200791728,0.945,0.6368400581375755,0.31470607409171686,0.5026018486100534,0.6898033225128891,0.31470607409171686,0.4847931494182558,0.028333333333333332,0.9077423662549127,0.5676959619952495,0.9773669706553046,0.49253727538701353,0.4,0.19070694610980157,0.5280940592330289,0.6882224653236825,0.3709060863144247,0.6231227600895226,0.5390557622070671,0.3894522389657734,600,45.8,0.9077423662549127,238,181,0.5933333333333334,10,1,0.23188478319734784,0.5409454524741704,0.4529458841213341,alphafold2,Homology modelling,0,Life Sciences,Life,2021,landmark
OpenAlex,singlecell_c1,5,2004,2004,0.4877423264897456,0.5624185091066973,0.16882267014141566,0.2766870668487433,0.5086988998237046,0.5541945833079988,0.18465547704336477,0.7727272727272727,0.5532876340245023,0.45642703632135884,0.47382483596876807,0.9174311926605505,0.45642703632135884,0.44580541669200124,0.22727272727272727,0.9904780862265443,0.7333333333333332,0.43119496051637934,0.5098892654390038,0.3333333333333333,0.36696758458877354,0.2972759276822976,0.5247216863032903,0.48693201924266366,0.4705319542951884,0.6075535429724916,0.44089613927714005,88,10.397727272727273,0.9904780862265443,65,23,0.1590909090909091,6,1,0.4647069617389467,0.5623141319057431,0.4469165239479834,singlecell,Bulk RNA sequencing,0,Life Sciences,Life,2009,landmark
OpenAlex,singlecell_c1,3,2006,2006,0.4939011962577532,0.7066712920721288,0.1251269325007857,0.2756968032270583,0.5395549337900024,0.5537467618793313,0.28152995426061656,0.779874213836478,0.5546734868889589,0.428151713245194,0.5072615808251988,0.9174311926605505,0.428151713245194,0.44625323812066875,0.2641509433962264,0.9835546541778,0.5771812080536912,0.6519118107858081,0.49029488941365296,0.23333333333333334,0.3875768911970677,0.28995681838205367,0.5782080699890455,0.46648268054496456,0.5452881528899335,0.49806668124105913,0.3981351425897737,159,17.38364779874214,0.9835546541778,85,62,0.22012578616352202,8,1,0.4876153269668618,0.5641043628376214,0.44935275039814243,singlecell,Bulk RNA sequencing,0,Life Sciences,Life,2009,landmark
OpenAlex,singlecell_c1,1,2008,2008,0.4998622557276054,0.8174526919372955,0.10866020195779515,0.28297132511028006,0.5436164686696667,0.5394902108347609,0.3661608271616334,0.8181818181818182,0.5747817957921989,0.42618530173824754,0.513418239077581,0.9174311926605505,0.42618530173824754,0.4605097891652391,0.22181818181818183,0.9620080453518141,0.7674418604651162,0.8295422064688609,0.6359077728793647,0.36666666666666664,0.3709899265898384,0.2929264049496157,0.6178729801830485,0.46102750335154197,0.6469955663709611,0.6367419634243132,0.4598726245752758,275,37.45454545454545,0.9620080453518141,164,49,0.2872727272727273,10,1,0.46146443673424675,0.6223238689156052,0.4833576269228741,singlecell,Bulk RNA sequencing,0,Life Sciences,Life,2009,landmark
OpenAlex,singlecell_c2,5,2004,2004,0.501031569931733,0.9153105539632657,0.12643833130819138,0.3638844382423901,0.5337717810933968,0.5008819741675266,0.4246858472596805,0.923728813559322,0.645638918732185,0.4208639216323873,0.48840748381918103,0.9307692307692308,0.4208639216323873,0.49911802583247344,0.1016949152542373,0.9324796876292659,0.85,0.9178842020137982,0.7712385834033542,0.5333333333333333,0.2940734805378744,0.34791266310523544,0.6608751076937205,0.44600486835166475,0.7018640279626976,0.7500436821661265,0.4994089847302989,118,78.33898305084746,0.9324796876292659,101,17,0.3898305084745763,6,1,0.3617267485239022,0.6416327334550783,0.5013266272708516,singlecell,Microarray transcriptomics,0,Life Sciences,Life,2009,landmark
OpenAlex,singlecell_c2,3,2006,2006,0.4968446190347128,0.956486114170567,0.1604146779390098,0.4505872553837228,0.56599652283181,0.5497792026318561,0.48190244706525287,0.9255663430420712,0.6084427214297891,0.37120655923065926,0.5031996048942792,0.9307692307692308,0.37120655923065926,0.4502207973681439,0.13592233009708737,0.9065839229302457,0.8327759197324415,0.9470289839429458,0.5492584660780113,0.5333333333333333,0.3121133306211841,0.41042508077625317,0.6741579066235941,0.4231293947483503,0.639676074526089,0.7449428707730142,0.49834611101660947,309,125.78964401294499,0.9065839229302457,248,49,0.47572815533980584,8,1,0.3813948217800614,0.6005534663449579,0.5091088960459537,singlecell,Microarray transcriptomics,0,Life Sciences,Life,2009,landmark
OpenAlex,singlecell_c2,1,2008,2008,0.4946869212960172,0.970061261265411,0.20537067595698338,0.4686455963830753,0.5920655438414575,0.5045487583836646,0.4500421716857426,0.9416666666666667,0.6269727226587103,0.3180115129551783,0.5021426006380934,0.9307692307692308,0.3180115129551783,0.49545124161633536,0.06166666666666667,0.8904492802545325,0.6947368421052631,0.9472243907938188,0.8238352966649891,0.26666666666666666,0.2472448615125486,0.45365675113618015,0.6749562233856369,0.3709052175308394,0.7317680522778803,0.5566006299334758,0.3691015403689866,600,141.37166666666667,0.8904492802545325,395,173,0.5233333333333333,10,1,0.30076008161100865,0.6120216976024266,0.4746626468492583,singlecell,Microarray transcriptomics,0,Life Sciences,Life,2009,landmark
OpenAlex,rnai_c1,5,1993,1993,0.4802191578063612,0.7882020755281642,0.06656807650226257,0.13254878839087839,0.5155507957848653,0.6366790177993927,0.3733690730556546,0.9066666666666666,0.6025223143094316,0.46075689675895437,0.491858488328685,0.7253218884120172,0.46075689675895437,0.36332098220060727,0.30666666666666664,0.9748939228112614,0.6363636363636364,0.6468002135787198,0.608642760776472,0.2,0.3768184666376578,0.190879716588863,0.6340997620727061,0.5132016873391431,0.5785278387964973,0.45194825237198966,0.3859642588466874,75,59.48,0.9748939228112614,48,27,0.26666666666666666,6,1,0.4771315538618668,0.5804072952645952,0.42768606463088876,rnai,Antisense oligonucleotide silencing,0,Life Sciences,Life,1998,landmark
OpenAlex,rnai_c1,3,1995,1995,0.5016772397320471,0.8101676718187434,0.03354445672914133,0.2306722005326848,0.5417003782168709,0.5210146144727547,0.3055736072713927,0.8859060402684564,0.6291065096109362,0.4238646763553211,0.5072654327890629,0.8271438217420661,0.4238646763553211,0.47898538552724534,0.2348993288590604,0.9602904930155485,0.6617647058823529,0.6620309188725702,0.44557500785095905,0.3333333333333333,0.38359783346308307,0.18438700506034691,0.6158541753632305,0.45404767061817514,0.5308984470348078,0.5671802837011436,0.46397075240532465,149,50.355704697986575,0.9602904930155485,89,45,0.28187919463087246,8,1,0.47628717710484914,0.5671390904276247,0.42574843781117544,rnai,Antisense oligonucleotide silencing,0,Life Sciences,Life,1998,landmark
OpenAlex,rnai_c1,1,1997,1997,0.4929071208288459,0.8723567904586924,0.10673474559930572,0.2110649744411714,0.56713389901715,0.5148104157556483,0.34653045277149597,0.8785714285714286,0.6045665758702936,0.37885867132456197,0.513126469358862,0.8271438217420661,0.37885867132456197,0.48518958424435166,0.17857142857142858,0.9266487796590056,0.7107438016528924,0.7661556439463806,0.4662096779661323,0.3,0.3495394335758558,0.2698601215207719,0.6267764582456483,0.41963070911520917,0.5680338751789682,0.560796277202708,0.42770891937912076,280,61.75714285714286,0.9266487796590056,171,69,0.3357142857142857,10,1,0.4313993967000135,0.5712405448324489,0.446305629042669,rnai,Antisense oligonucleotide silencing,0,Life Sciences,Life,1998,landmark
OpenAlex,rnai_c2,5,1993,1993,0.268041227726436,0.5164076551851798,0.0,0.0,0.0,0.0,0.0,0.5714285714285714,0.2736797704628656,0.0,0.0,0.8999999999999999,0.0,0.0,0.0,0.9578791966200297,0.6666666666666667,0.6133572603953825,0.0,0.6333333333333333,6.447636316978084e-05,8.022890975355814e-05,0.002723347606079814,1.0000000000000004e-06,8.496456471726725e-05,0.7243156443441741,0.05575600919688271,7,18.0,0.9578791966200297,5,2,0.14285714285714285,4,0,9.857578565078178e-07,0.35291156536354423,0.00030879246944255846,rnai,Ribozyme gene silencing,0,Life Sciences,Life,1998,landmark
OpenAlex,rnai_c2,3,1995,1995,0.31120464303352513,0.5827829453479101,0.0,0.5046723977218568,0.0,0.0,0.0,0.6666666666666666,0.3260506351558113,0.0,0.0,0.8999999999999999,0.0,0.0,0.0,0.9781519054674339,0.7894736842105263,0.560343204518635,0.0,0.4666666666666667,6.776654683384738e-05,0.006650262611447944,0.0029209224007447836,1.0000000000000004e-06,8.244254117333026e-05,0.692142710724388,0.05338639685305856,18,41.388888888888886,0.9781519054674339,14,3,0.16666666666666666,6,0,9.926636108377327e-07,0.37008575417692924,0.000649561383802558,rnai,Ribozyme gene silencing,0,Life Sciences,Life,1998,landmark
OpenAlex,rnai_c2,1,1997,1997,0.48147343307497764,0.815373942495404,0.0,0.4041267397578592,0.5114929930998042,0.5889723906412798,0.3124323528831135,0.6571428571428571,0.4459517274937412,0.47483797617762025,0.49782396237722865,0.8999999999999999,0.47483797617762025,0.4110276093587202,0.17142857142857143,0.9618836506262738,0.6285714285714286,0.8072373927042272,0.5774209483649166,0.4666666666666667,0.3237244560917188,0.006907032059820999,0.5379391775941188,0.5101860847536793,0.6145018593407502,0.6415068659991653,0.439424751115486,35,47.17142857142857,0.9618836506262738,21,12,0.2857142857142857,8,0,0.4077170889129342,0.5704905620935876,0.24961779697250164,rnai,Ribozyme gene silencing,0,Life Sciences,Life,1998,landmark
OpenAlex,graphene_c1,5,1999,1999,0.4294381087048693,0.7792578857136105,0.25510868633511646,0.25510868633511646,0.5328887494445902,0.6024683170107858,0.20527949346950797,0.8869565217391304,0.5386055807017085,0.42971086319770674,0.4954883620868872,0.7596439169139466,0.42971086319770674,0.39753168298921415,0.1826086956521739,0.8690341655910993,0.6666666666666667,0.3841572405249962,0.4823358451203161,0.4,0.31472501365632444,0.3701495560789765,0.5388134522807043,0.4809452349331565,0.4511254619862647,0.587299456455251,0.44099720961233957,115,114.85217391304347,0.8690341655910993,77,38,0.2608695652173913,6,1,0.39808579808260325,0.5006010096670446,0.44719806407008716,graphene,Carbon nanotube electronics,0,Physical Sciences,Nature,2004,landmark
OpenAlex,graphene_c1,3,2001,2001,0.3915404043401412,0.8723090311599695,0.15605695876939452,0.2563873933724205,0.571444140857724,0.6875513097900967,0.39174026503113696,0.8916083916083916,0.46402087945405374,0.3681620230805841,0.5110503047960322,0.8793727382388421,0.3681620230805841,0.3124486902099033,0.1958041958041958,0.7930691154023644,0.773076923076923,0.6390266226129209,0.6917889125726548,0.4,0.28826534105946733,0.32680101119161337,0.5931969930653215,0.45337861328278134,0.609048764977332,0.6478660657486391,0.40755794587823724,286,101.5944055944056,0.7930691154023644,200,58,0.3356643356643357,8,1,0.3647292385064184,0.5438969378920214,0.4641362779543974,graphene,Carbon nanotube electronics,0,Physical Sciences,Nature,2004,landmark
OpenAlex,graphene_c1,1,2003,2003,0.37977023791667675,0.8534261387516541,0.1631729474184728,0.22156689094526938,0.5814398663147569,0.7223315535653887,0.4127410691857549,0.8890814558058926,0.4301742706256548,0.34336471566508847,0.5062444482946022,0.8793727382388421,0.34336471566508847,0.2776684464346113,0.21143847487001732,0.7573815218055648,0.7309160305343511,0.6426870460062054,0.7064639956425747,0.4,0.2814559872065753,0.31364592839511274,0.5867007396995341,0.43996281492291844,0.6125618575805837,0.6358677886623052,0.39356402287624276,577,83.77123050259965,0.7573815218055648,382,140,0.317157712305026,10,1,0.35427601506717643,0.5291733971491981,0.4550229010190212,graphene,Carbon nanotube electronics,0,Physical Sciences,Nature,2004,landmark
OpenAlex,graphene_c2,5,1999,1999,0.4197405967986265,0.8146244427212479,0.1739928594926332,0.1928662925292509,0.5638593090811346,0.6801322964373739,0.26348414794122316,0.9140625,0.49759538029761025,0.37306090418616217,0.5007795223484313,0.584494382022472,0.37306090418616217,0.31986770356262606,0.26171875,0.8248976022068295,0.5348837209302327,0.42382366395501625,0.6497072782328741,0.4666666666666667,0.32753828332026597,0.3012416827143044,0.5613522968014985,0.45574050056533355,0.5166342154114133,0.5264399439385473,0.4567205098050669,256,62.38671875,0.8248976022068295,137,119,0.28515625,6,1,0.41026873627454624,0.5013678274238588,0.43595705510585214,graphene,Graphite intercalation compounds,0,Physical Sciences,Nature,2004,landmark
OpenAlex,graphene_c2,3,2001,2001,0.41281692946060666,0.8440156709731209,0.22815324854757166,0.18895844821744634,0.5741235423988962,0.6955425066194951,0.3474195651950523,0.9098360655737705,0.47661772146353104,0.35571514559919665,0.5039622303969891,0.6230769230769231,0.35571514559919665,0.3044574933805049,0.2677595628415301,0.8031693036124519,0.5609756097560976,0.548993810559701,0.6819136891768433,0.4666666666666667,0.32285663724507757,0.3313709963743538,0.5866242511876603,0.44481162615893055,0.5735416333408098,0.5463833739514408,0.4475540771792723,366,63.61748633879781,0.8031693036124519,160,125,0.3087431693989071,8,1,0.4030506134764054,0.5164100478628086,0.45392816459785934,graphene,Graphite intercalation compounds,0,Physical Sciences,Nature,2004,landmark
OpenAlex,graphene_c2,1,2003,2003,0.40321707027854925,0.8595624163388944,0.20537067595698338,0.24491866240370913,0.5859085764380005,0.7149456965060363,0.3737893250034169,0.9083333333333333,0.45841647178897715,0.3367197956177658,0.5085369484937671,0.6984036488027368,0.3367197956177658,0.28505430349396366,0.26666666666666666,0.7854589228893145,0.5566037735849055,0.5755838317526341,0.6689151392048929,0.5333333333333333,0.3129524923899186,0.35097747332520857,0.5902243718726987,0.43278292540085467,0.5806762203469301,0.5918574581786137,0.4571813601899327,480,64.2125,0.7854589228893145,176,140,0.3229166666666667,10,1,0.3908468390527216,0.5088221987037221,0.4613522894365319,graphene,Graphite intercalation compounds,0,Physical Sciences,Nature,2004,landmark
OpenAlex,transformer_c1,5,2012,2012,0.471454619710098,0.9611496338795397,0.37321815006412,0.37321815006412,0.5079323506633479,0.6101309542676474,0.3371455969698059,0.7647058823529411,0.5120402630428631,0.45064908509648705,0.4665137864231827,0.8686327077747988,0.45064908509648705,0.3898690457323526,0.17647058823529413,0.9635312265798043,0.6792452830188679,0.7226034028366036,0.4781591751503286,0.5333333333333333,0.3189165040242793,0.5115705151198755,0.5781726458082826,0.49854000700738027,0.5442256326082032,0.6801747607079736,0.4799010623944902,51,24.41176470588235,0.9635312265798043,35,16,0.49019607843137253,6,0,0.40471778929902325,0.5518451811185301,0.5090845616619372,transformer,Recurrent neural sequence models,0,Computer Science,Machines,2017,landmark
OpenAlex,transformer_c1,3,2014,2014,0.48357050895846404,0.9570090018249322,0.22343882281432279,0.2766870668487433,0.549138827714752,0.5194492819816501,0.2843282477252005,0.8409090909090909,0.5702490819666328,0.4177905180045675,0.5160681734340715,0.8686327077747988,0.4177905180045675,0.4805507180183499,0.1590909090909091,0.9160564851536208,0.6124999999999999,0.6509202921332721,0.5109878182676741,0.6,0.333130809680158,0.3896618059239643,0.585123595070293,0.4492486384557376,0.555752994349405,0.6834359828051568,0.5205223429039292,88,204.48863636363637,0.9160564851536208,48,30,0.4772727272727273,8,1,0.41219458537163495,0.5447548244060543,0.48465881044264597,transformer,Recurrent neural sequence models,0,Computer Science,Machines,2017,landmark
OpenAlex,transformer_c1,1,2016,2016,0.4325509941814718,0.9900432294411112,0.17380281986745627,0.6513223882135458,0.5770049389014753,0.5163530594374399,0.37691455453801637,0.9565217391304348,0.515628296689588,0.3588520165879116,0.5128618943908622,0.9431756177410555,0.3588520165879116,0.4836469405625601,0.0451505016722408,0.7266768552560288,0.9470899470899471,0.7631348882081838,0.6195881157133165,0.6333333333333333,0.21138594762764512,0.4821353715513878,0.6002871832331982,0.4051282353044007,0.6235935386528062,0.8270632291847981,0.43455909780422075,598,168.62207357859532,0.7266768552560288,536,29,0.6622073578595318,10,1,0.2512912988279032,0.5624100577394738,0.483547900152785,transformer,Recurrent neural sequence models,0,Computer Science,Machines,2017,landmark
OpenAlex,transformer_c2,5,2012,2012,0.4968056961965874,0.9587521990898237,0.38590265649042943,0.671765427593059,0.5562593072522456,0.545893980783462,0.46220948383529364,0.936046511627907,0.6348695475743961,0.37750326045527255,0.4900218749597638,0.6865596790371113,0.37750326045527255,0.45410601921653804,0.11627906976744186,0.9328697067204057,0.5919540229885057,0.9045511237879779,0.4022522130768238,0.4666666666666667,0.2971313375746619,0.6287344591789217,0.6773042670349109,0.42689058161530224,0.562836615008639,0.5745453981736789,0.47710840769362306,172,34.19186046511628,0.9328697067204057,102,70,0.48255813953488375,6,1,0.3665725431851788,0.5402370069294743,0.5093744219236233,transformer,Convolutional sequence models,0,Computer Science,Machines,2017,landmark
OpenAlex,transformer_c2,3,2014,2014,0.4897676659715324,0.9664408638253295,0.44386333380540344,0.6086119945893108,0.573410024455453,0.5390102611972499,0.4574363775105943,0.9257950530035336,0.6207823658860593,0.35827140533776786,0.5050914542486737,0.6865596790371113,0.35827140533776786,0.46098973880275007,0.08480565371024736,0.9179253122477917,0.6260162601626017,0.9166822246181942,0.6922802050652337,0.4666666666666667,0.2675276809452369,0.6391287505544567,0.6733044900801961,0.4105257871626948,0.6843688725488432,0.5853607021241554,0.45717729329368567,283,42.28621908127209,0.9179253122477917,153,91,0.508833922261484,8,1,0.3298434038323295,0.5821568331981526,0.5162623737085489,transformer,Convolutional sequence models,0,Computer Science,Machines,2017,landmark
OpenAlex,transformer_c2,1,2016,2016,0.4812936965717106,0.9823271990787846,0.4150249862772832,0.668669818466608,0.5890106720190343,0.5285492152430727,0.43024957088465227,0.9266666666666666,0.6016482973269759,0.33131766416805347,0.5093390082061222,0.8356745658311231,0.33131766416805347,0.47145078475692725,0.05,0.8824770209604776,0.7539370078740155,0.8784387237495725,0.7579276968476714,0.43333333333333335,0.22470126310786454,0.6484065271746623,0.6594208117432226,0.3871312275818005,0.6973466668828524,0.6487311938537395,0.4154431201017507,600,48.681666666666665,0.8824770209604776,382,124,0.59,10,1,0.27502357573345665,0.5954091392266913,0.5062105702231281,transformer,Convolutional sequence models,0,Computer Science,Machines,2017,landmark
OpenAlex,resnet_c1,5,2010,2010,0.5191663156083743,0.9537750948159048,0.49298796667532435,0.7352222529158692,0.5548430017357853,0.5143853280345441,0.3710199157256566,0.816,0.5886770814771802,0.4036495278222295,0.5133355312938002,0.6585879873551106,0.4036495278222295,0.48561467196545594,0.14,0.9712047216818588,0.5952380952380952,0.8839312563773272,0.5146283583632353,0.4666666666666667,0.3280263872006752,0.7018327767764652,0.6258771285531218,0.43762201020710756,0.6157973896805334,0.5676802277470817,0.48064038719306895,250,22.892,0.9712047216818588,149,101,0.468,6,1,0.4041819115222233,0.5742369724073952,0.5295155433488933,resnet,Highway neural networks,0,Computer Science,Machines,2015,landmark
OpenAlex,resnet_c1,3,2012,2012,0.5179914083647889,0.9628795572301379,0.477700012168498,0.7321442233518527,0.5819195398499363,0.5148914070083143,0.392706463630985,0.8426666666666667,0.6018732570173317,0.34905745249383363,0.5128965321937062,0.6585879873551106,0.34905745249383363,0.48510859299168574,0.11733333333333333,0.961880269937462,0.581993569131833,0.9051000535747734,0.7606231446311973,0.3333333333333333,0.3089306353442039,0.6957308901539238,0.6448260494227323,0.3973468957885385,0.7068033998002229,0.5036593631630276,0.42391757171962596,375,22.85333333333333,0.961880269937462,180,129,0.496,8,1,0.3797173700981668,0.6047669516744281,0.5192681682377285,resnet,Highway neural networks,0,Computer Science,Machines,2015,landmark
OpenAlex,resnet_c1,1,2014,2014,0.5122752670370979,0.9691172648894497,0.47983168702301676,0.717363636016099,0.5850169758248227,0.5146522194451212,0.3910668341469902,0.8448566610455311,0.5961133530732109,0.33374406629360664,0.503778017943252,0.7263082947668209,0.33374406629360664,0.4853477805548788,0.08431703204047218,0.9500526239381718,0.6292134831460674,0.8994025262046248,0.4778062684058976,0.4,0.275734165950571,0.6935347145462323,0.6424743589301971,0.38557924803028265,0.6004567341553719,0.5675354645903241,0.43227958639848074,593,21.522765598650928,0.9500526239381718,279,164,0.5193929173693086,10,1,0.33877030898547345,0.5599367026599618,0.5027288714759945,resnet,Highway neural networks,0,Computer Science,Machines,2015,landmark
OpenAlex,resnet_c2,5,2010,2010,0.5299852813016096,0.9817876597072629,0.44153661560958735,0.7756999937075739,0.5362336973130348,0.5154501228447939,0.3798475799666238,0.8793103448275862,0.6348100978296313,0.41511898152374005,0.48758637614980965,0.8,0.41511898152374005,0.48454987715520614,0.1724137931034483,0.9726057799477706,0.6271186440677965,0.8380704614654979,0.5362329462208664,0.36666666666666664,0.35377306775733863,0.6953861348652987,0.6437796792375579,0.4461805254436921,0.6028767421264892,0.5687268210113782,0.46541853948773054,116,17.353448275862068,0.9726057799477706,73,43,0.5862068965517241,6,1,0.4331275213703599,0.5842236747311342,0.5379251110948613,resnet,Plain very-deep convolutional networks,0,Computer Science,Machines,2015,landmark
OpenAlex,resnet_c2,3,2012,2012,0.5126624835332472,0.9839439120272961,0.48044311459165984,0.7114195904871397,0.5625148143039482,0.5300686449674621,0.4127734274179698,0.8743455497382199,0.6177656451837493,0.3770327992815632,0.5020624278894597,0.8,0.3770327992815632,0.4699313550325379,0.11518324607329843,0.9613324245219907,0.6011560693641618,0.8906283440533793,0.5265212346348569,0.36666666666666664,0.3027506549211563,0.695418188948726,0.6550059252843767,0.4223736273797165,0.6174806819024602,0.5607675631914085,0.43893286272467674,191,31.968586387434556,0.9613324245219907,103,68,0.6020942408376964,8,1,0.3733353459434893,0.5675038351307562,0.5217309129771861,resnet,Plain very-deep convolutional networks,0,Computer Science,Machines,2015,landmark
OpenAlex,resnet_c2,1,2014,2014,0.5004761859173718,0.9834008503479943,0.4112069614978579,0.6256681477198244,0.5743903341750354,0.5329051939133468,0.4439204002331437,0.9055944055944056,0.6185853892271509,0.35594434888520043,0.5047250172352712,0.8,0.35594434888520043,0.4670948060866532,0.10839160839160839,0.9311887983649557,0.6106194690265486,0.9198593334659321,0.5225434989238289,0.36666666666666664,0.29371629326651144,0.6324774236655172,0.6680003217383368,0.4071971401908315,0.6236863415139112,0.5636947909457896,0.43433814022993716,286,43.08041958041958,0.9311887983649557,137,87,0.5979020979020979,10,1,0.36125412429223713,0.5632954211077933,0.510811640363933,resnet,Plain very-deep convolutional networks,0,Computer Science,Machines,2015,landmark
OpenAlex,diffusion_c1,5,2015,2015,0.4671902626172946,0.9532909670460459,0.32151273753163434,0.6822617902381697,0.0,0.5294637823554816,0.3693187996417812,0.8666666666666667,0.6181219828073504,0.0,0.0,0.982532751091703,0.0,0.47053621764451836,0.0,0.9700103457668529,0.78125,0.8048465083181825,0.0,0.26666666666666666,0.006035254842622213,0.5935512676869537,0.04535454482932246,8.0899422100587e-05,9.301886187426514e-05,0.5893436377388332,0.054829502729164946,30,24.9,0.9700103457668529,24,6,0.4666666666666667,6,0,0.0007699392762442097,0.4857814635140925,0.00946840044507249,diffusion,Variational autoencoder generation,0,Computer Science,Machines,2020,landmark
OpenAlex,diffusion_c1,3,2017,2017,0.47240659146426356,0.9888414172602585,0.36905093281600077,0.6496239930858813,0.5274946367794403,0.5232360606618055,0.4136765853513548,0.9295774647887324,0.6107180564765344,0.43430351117679533,0.489292784735676,0.982532751091703,0.43430351117679533,0.4767639393381945,0.04225352112676056,0.889762484586399,0.8591549295774648,0.8505065955170892,0.6624268903041753,0.3333333333333333,0.21191453786020228,0.6189064434302445,0.6433627101611057,0.46212711309576426,0.6508208888991984,0.6552883130305766,0.3762798743942524,142,100.3943661971831,0.889762484586399,121,19,0.647887323943662,8,1,0.26170587088379377,0.5950439215442257,0.505222673542635,diffusion,Variational autoencoder generation,0,Computer Science,Machines,2020,landmark
OpenAlex,diffusion_c1,1,2019,2019,0.4338952706898495,0.9937175734303412,0.45553824319873387,0.7718952374404182,0.5805920944362949,0.8293666054310224,0.6843104300972723,0.935,0.4527907728374914,0.3361018321163734,0.4972860209889632,0.982532751091703,0.3361018321163734,0.17063339456897764,0.395,0.827360997029496,0.9142857142857143,0.8824599497322407,0.8137303682145831,0.5,0.3080931299566867,0.7043395216332953,0.6740710881371127,0.45418149416500253,0.709458930338096,0.7658310868058392,0.44224415183346316,600,58.125,0.827360997029496,543,50,0.72,10,1,0.3820486974675666,0.6260472856679634,0.5748791746741209,diffusion,Variational autoencoder generation,0,Computer Science,Machines,2020,landmark
OpenAlex,diffusion_c2,5,2015,2015,0.47262819298984965,0.9927338420109602,0.6581107760257359,0.8420186496121159,0.5500966914934905,0.5206522060641472,0.4591430597974187,0.9298245614035088,0.6263176825908308,0.3851461888890728,0.4853395718760538,0.7352941176470588,0.3851461888890728,0.4793477939358528,0.07017543859649122,0.9106539306246434,0.6551724137931034,0.9484169287018935,0.5764665676370377,0.4,0.25145011061944555,0.8193784040440868,0.6689400866736152,0.42585946825144844,0.6425985014484124,0.5775978420458429,0.42797364480194866,114,77.91228070175438,0.9106539306246434,75,39,0.7017543859649122,6,1,0.3128934066486136,0.5716229727161081,0.5284767157265821,diffusion,Autoregressive image generation,0,Computer Science,Machines,2020,landmark
OpenAlex,diffusion_c2,3,2017,2017,0.4792747711424614,0.9937175734303412,0.6251004140085176,0.82674960169668,0.5638576649855687,0.5171792217088771,0.4404787762615215,0.92,0.6064870402718531,0.36234597326417645,0.4900613032353137,0.7352941176470588,0.36234597326417645,0.4828207782911229,0.057777777777777775,0.8891499949622738,0.7192118226600985,0.9257550544338004,0.7007290295027208,0.43333333333333335,0.2373433774340037,0.8008089477246707,0.657863470459052,0.40797102128124096,0.6824940518467018,0.6119463316113107,0.42477740687656307,225,83.52888888888889,0.8891499949622738,145,56,0.72,8,1,0.29163564577952505,0.5915163434740378,0.5265188064925923,diffusion,Autoregressive image generation,0,Computer Science,Machines,2020,landmark
OpenAlex,diffusion_c2,1,2019,2019,0.46367802409262376,0.9943463586528656,0.5279136866835978,0.833552222670567,0.5844048665259995,0.5181032727008906,0.4448681637458399,0.924496644295302,0.5757182570879473,0.32680585543088464,0.49561558848288356,0.8126431633501823,0.32680585543088464,0.4818967272991094,0.028523489932885907,0.8404593627155004,0.8141263940520446,0.9287731515674426,0.6108161969669846,0.26666666666666666,0.1854062559168039,0.7591795035162872,0.650302528074817,0.3810646517559651,0.6551212976059172,0.5608587301939146,0.32618781152897397,596,74.24496644295301,0.8404593627155004,437,99,0.7332214765100671,10,1,0.22606037969091652,0.5767946197990977,0.48375599637732675,diffusion,Autoregressive image generation,0,Computer Science,Machines,2020,landmark
OpenAlex,rag_c1,5,2015,2015,0.47116370292880494,0.988282655596985,0.43600686032409014,0.8286462752609127,0.5744927044924788,0.6508326245400397,0.4619273090064469,0.8130841121495327,0.5345816712485331,0.3523592358426553,0.5013446448276129,0.613541505642294,0.3523592358426553,0.34916737545996035,0.16199376947040497,0.9746366854482226,0.5913312693498453,0.8729087534394021,0.43693981660837244,0.5333333333333333,0.29869957087643,0.7094381837729851,0.6459071468685444,0.4323281799732637,0.5761146915173431,0.5783949692053789,0.47696920978783947,321,5.601246105919003,0.9746366854482226,190,131,0.6417445482866043,6,1,0.3805907609424577,0.5386911043133904,0.5197697993238779,rag,Closed-book language model question answering,0,Computer Science,Machines,2020,landmark
OpenAlex,rag_c1,3,2017,2017,0.5039987623480243,0.9890274022010992,0.44484971833988096,0.8184729689941165,0.5847142308434803,0.5068770040966288,0.3467686289011043,0.8130434782608695,0.5882317374536362,0.33459026345130427,0.5040187251382648,0.613541505642294,0.33459026345130427,0.49312299590337116,0.07608695652173914,0.9691011159969429,0.5210526315789474,0.841440559197482,0.550275619826132,0.5333333333333333,0.26641886844079843,0.7114460870328073,0.6231648610698906,0.38427582369132535,0.6156730285707163,0.5545083493294164,0.47016781926907625,460,6.1695652173913045,0.9691011159969429,197,181,0.65,8,1,0.3312924362764369,0.5525055073149208,0.4993080123642961,rag,Closed-book language model question answering,0,Computer Science,Machines,2020,landmark
OpenAlex,rag_c1,1,2019,2019,0.49946905841592776,0.990132074804771,0.45553824319873387,0.8121570079614576,0.5887041463453722,0.5227051698172898,0.35172597514530274,0.815,0.5821297975323352,0.3270934782343931,0.5045017709251373,0.613541505642294,0.3270934782343931,0.47729483018271024,0.08,0.96699680474125,0.5110024449877751,0.8256386938473762,0.3784143358760388,0.5666666666666667,0.26717455961328734,0.7155159556043786,0.62451202189035,0.3824137698537729,0.5401819952745573,0.562166373309583,0.4789172409460771,600,6.741666666666666,0.96699680474125,208,199,0.6633333333333333,10,1,0.33299209117228146,0.5208347134991018,0.4901348912748922,rag,Closed-book language model question answering,0,Computer Science,Machines,2020,landmark
OpenAlex,rag_c2,5,2015,2015,0.4926853926386694,0.9889705685425684,0.42562819723499473,0.7206956331664798,0.5553354361638269,0.515614587399466,0.43296671123083796,0.8636363636363636,0.5954526715734318,0.3816765508576775,0.49234742318533115,0.7559547051932839,0.3816765508576775,0.484385412600534,0.05844155844155844,0.9289656292775662,0.6346153846153846,0.9722957581369276,0.6866811998894389,0.2,0.24071002439524625,0.6719266758751576,0.6486905056262169,0.421928360257865,0.690147214109637,0.45780316287161543,0.32839293288373755,154,53.70779220779221,0.9289656292775662,98,56,0.6493506493506493,6,1,0.29737480031024754,0.589782583553348,0.49085378164552995,rag,Information retrieval neural ranking,0,Computer Science,Machines,2020,landmark
OpenAlex,rag_c2,3,2017,2017,0.48070346802385844,0.9923300378664771,0.30449397764484115,0.7642228780394393,0.5775768215529756,0.5235313840255342,0.42646077548947947,0.8679245283018868,0.556370642793388,0.34548680017231864,0.5006404432782698,0.7559547051932839,0.34548680017231864,0.47646861597446577,0.06289308176100629,0.8683364260833828,0.7298245614035087,0.9385435056006208,0.5025564559123766,0.3,0.24331645307589778,0.6135052638264842,0.6350451555379588,0.39682760866688227,0.6180947648230654,0.5490499226862567,0.3670739022125515,318,35.30503144654088,0.8683364260833828,207,76,0.6949685534591195,8,1,0.2963296206676531,0.5602511279212159,0.4834414229865563,rag,Information retrieval neural ranking,0,Computer Science,Machines,2020,landmark
OpenAlex,rag_c2,1,2019,2019,0.4594280548616761,0.9935483360130887,0.23706936670110546,0.7685053628219556,0.5870950485907411,0.5202019752066689,0.4378801403693381,0.895,0.5390353063453218,0.3251821209507906,0.4993722181322729,0.7559547051932839,0.3251821209507906,0.4797980247933311,0.03166666666666667,0.8139949847360409,0.7262135922330097,0.9405030676612123,0.23705724294285185,0.4,0.19111411897275277,0.5656795092235496,0.6321572579533258,0.38031352628076587,0.4810747996053733,0.6033093365660569,0.3680643833752677,600,39.075,0.8139949847360409,373,140,0.7166666666666667,10,1,0.23125662248959555,0.5036328672817082,0.44285728758523674,rag,Information retrieval neural ranking,0,Computer Science,Machines,2020,landmark
OpenAlex,qec_c1,5,1990,1990,0.46644359629222154,0.8710896736997782,0.5059898784328064,0.6528529170474979,0.5588852741139141,0.5813276067103491,0.2578897741808351,0.7738853503184714,0.5388134886939812,0.37883546996625334,0.49660601819408134,0.6680430879712748,0.37883546996625334,0.4186723932896509,0.15605095541401273,0.9815438625888527,0.588607594936709,0.5732400809557228,0.5443233843506706,0.5333333333333333,0.3123536826885616,0.6601966981683351,0.5677489203889121,0.43695905048974776,0.5371165154058696,0.5941229855776666,0.48632782085690585,314,99.7515923566879,0.9815438625888527,185,129,0.3343949044585987,6,1,0.4002673410894612,0.5385170972471826,0.5036671766146245,qec,Classical error correcting codes,0,Physical Sciences,Nature,1995,landmark
OpenAlex,qec_c1,3,1992,1992,0.4806768620363642,0.9019385829676205,0.4630332691784487,0.6791344801041405,0.5718551796425513,0.5262252189296991,0.25353721268965096,0.7902097902097902,0.5672188721956578,0.3597312116349675,0.5034415709200702,0.6680430879712748,0.3597312116349675,0.4737747810703009,0.11655011655011654,0.9741080693323505,0.5087209302325583,0.6097160789312063,0.6829679191811706,0.4,0.29829498801767346,0.6570246256322712,0.5758184788878297,0.40835947124639105,0.5940536592261649,0.5141794208512809,0.44079430602300723,429,76.3006993006993,0.9741080693323505,174,168,0.3706293706293706,8,1,0.37748288383325157,0.5526115286957336,0.4913783678584514,qec,Classical error correcting codes,0,Physical Sciences,Nature,1995,landmark
OpenAlex,qec_c1,1,1994,1994,0.46234759251015317,0.9027095443946894,0.4686455963830753,0.6301510663254113,0.5735192376947789,0.5724181995043854,0.26110347188288613,0.7866666666666666,0.5436083197007979,0.35252066645924396,0.4995591418488017,0.6680430879712748,0.35252066645924396,0.42758180049561456,0.11,0.9681091826800855,0.566585956416465,0.5798403917954439,0.46007571710732414,0.43333333333333335,0.2791216341924437,0.6435946373920826,0.5734193761047491,0.4143438204228035,0.5107890312256743,0.5473907564532005,0.43815621801408183,600,62.16166666666667,0.9681091826800855,233,178,0.37166666666666665,10,1,0.35709086921176214,0.5131214868432528,0.4780386683981352,qec,Classical error correcting codes,0,Physical Sciences,Nature,1995,landmark
OpenAlex,qec_c2,5,1990,1990,0.24999999999999997,0.0,0.0,0.9866142981514303,0.0,0.0,0.0,1.0,0.49999999999999994,0.0,0.0,0.0,0.0,0.0,0.0,0.9999999999999999,0.5,0.03332099313882286,0.0,0.5,6.299605249474364e-05,9.955180414424218e-05,0.0034657242157757314,1.0000000000000004e-06,3.2179007554401886e-05,0.006299605249474366,0.06299605249474365,2,2.0,0.9999999999999999,1,1,0.0,2,0,1.0000000000000008e-06,0.27833209931388225,0.00012803845028273153,qec,Quantum decoherence control,0,Physical Sciences,Nature,1995,landmark
OpenAlex,qec_c2,3,1992,1992,0.3,0.0,0.0,0.8482836399575129,0.0,0.0,0.0,0.75,0.375,0.0,0.0,0.8999999999999999,0.0,0.0,0.0,1.0,0.6666666666666666,0.01666512362823861,0.0,0.5,6.694329500821702e-05,9.466302180038181e-05,0.0030890042528370597,1.0000000000000004e-06,2.5542859425521774e-05,0.6694329500821695,0.05723571212766662,4,1.0,1.0,3,1,0.0,3,0,1.0000000000000008e-06,0.3016665123628239,0.00026349988226936064,qec,Quantum decoherence control,0,Physical Sciences,Nature,1995,landmark
OpenAlex,qec_c2,1,1994,1994,0.35,0.8700616617426719,0.6822617902381697,0.9866142981514303,0.0,0.0,0.0,0.8333333333333334,0.4166666666666667,0.0,0.0,0.8999999999999999,0.0,0.0,0.0,1.0,0.7142857142857143,0.08314096643359975,0.0,0.4,7.047298732064896e-05,0.8366609428312893,0.0032219700748862714,1.0000000000000004e-06,4.364538774897109e-05,0.6359038997689959,0.05503212081491047,6,13.666666666666666,1.0,4,1,0.3333333333333333,4,0,1.0000000000000008e-06,0.31545695378621713,0.0013192808363893475,qec,Quantum decoherence control,0,Physical Sciences,Nature,1995,landmark
